student_id,ENG-10,ENG-90,MAT-100,HIS-10,HIS-20,HIS-70,BIO-100,CHE-100,PHY-50,PHY-30,PHY-20,ECO-70,ECO-20,ECO-10,GEO-100,ART-30,ART-70,CSC-30,CSC-20,CSC-50,MUS-30,MUS-70,BUS-20,BUS-10,BUS-70,PSY-40,PSY-30,PSY-20,PSY-10,SOC-10,SOC-60,SOC-30,LAW-90,LAW-10,MED-100,LIN-20,LIN-40,LIN-10,LIN-30,PHI-50,PHI-20,PHI-30,POL-10,POL-40,POL-30,POL-20,STA-50,STA-30,STA-20
A0001,,,,,,,55,,35,20,13,,,,,18,39,,,,,,,,,29,22,12,5,6,39,20,,,,,,,,34,11,20,,,,,31,21,15
A0002,,,,,,,60,88,38,22,13,56,11,7,,,,21,17,40,,,,,,,,,,,,,,,,19,40,9,28,,,,,,,,,,
A0003,,,,,,,,,,,,54,13,6,,,,25,20,42,,,,,,26,22,13,7,,,,,,,,,,,35,14,18,,,,,36,23,16
A0004,,,,,,,79,,,,,43,12,5,72,,,,,,,,,,,,,,,5,38,18,,,60,,,,,,,,,,,,,,
A0005,,,,8,14,48,,,,,,,,,,,,,,,,,,,,,,,,,,,62,7,,,,,,29,15,22,,,,,,,
A0006,,,,,,,,82,,,,,,,,,,23,16,43,,,,,,,,,,7,42,23,,,71,,,,,36,12,22,,,,,,,
A0007,,,67,6,11,37,,,,,,,,,60,,,,,,23,59,,,,,,,,4,20,9,,,,,,,,,,,6,23,18,11,,,
A0008,,,,,,,,,,,,,,,,,,16,14,35,,,,,,,,,,,,,41,5,,,,,,30,13,17,,,,,,,
A0009,,,,,,,,,,,,46,12,6,,,,17,13,35,24,63,,,,,,,,,,,,,,,,,,,,,9,36,25,15,,,
A0010,,,57,7,13,55,,82,,,,44,13,7,,,,,,,,,15,8,37,,,,,,,,,,,,,,,38,18,26,,,,,22,18,13
A0011,,,76,,,,68,,,,,,,,,,,,,,,,,,,26,20,17,7,,,,,,,,,,,,,,,,,,,,
A0012,,,,,,,,,,,,,,,,,,,,,23,62,17,8,60,24,18,12,6,,,,,,,15,30,7,22,,,,,,,,,,
A0013,,,,,,,,,,,,,,,,,,,,,19,52,,,,,,,,,,,,,,,,,,,,,,,,,26,15,10
A0014,7,65,,,,,,,29,19,12,,,,,,,26,17,42,,,,,,25,19,12,6,,,,,,,,,,,,,,6,24,15,11,,,
A0015,4,42,,,,,63,62,,,,,,,76,,,,,,,,,,,,,,,6,37,19,,,,,,,,,,,,,,,,,
A0016,,,,,,,,,36,20,15,,,,,,,,,,,,,,,,,,,,,,43,6,69,,,,,26,12,13,7,27,18,15,,,
A0017,6,37,,,,,,,,,,,,,,,,,,,,,,,,24,23,16,5,7,34,20,,,,,,,,,,,,,,,,,
A0018,6,33,,,,,,,,,,,,,,,,,,,23,50,,,,18,12,8,5,,,,,,60,,,,,34,11,19,,,,,,,
A0019,7,64,64,4,7,35,,,,,,,,,,24,50,,,,,,,,,,,,,,,,,,68,,,,,,,,,,,,,,
A0020,,,,,,,42,,33,20,13,,,,,,,,,,,,,,,,,,,,,,,,,,,,,,,,,,,,32,21,13
A0021,,,62,,,,78,,,,,,,,,,,,,,,,14,6,44,,,,,,,,,,,,,,,,,,,,,,23,17,10
A0022,,,,,,,,,,,,,,,,18,45,,,,,,14,8,56,,,,,5,32,18,50,6,51,,,,,41,18,25,4,17,14,11,,,
A0023,,,,7,16,46,,,,,,,,,,,,24,18,39,,,,,,,,,,,,,,,,,,,,,,,,,,,,,
A0024,,,,,,,49,,,,,,,,54,14,31,25,16,42,,,,,,,,,,,,,,,,,,,,,,,,,,,,,
A0025,,,,,,,,,,,,,,,70,,,24,15,38,,,14,8,46,,,,,,,,,,,,,,,,,,,,,,,,
A0026,,,60,,,,,,31,25,16,,,,,,,,,,21,47,,,,,,,,,,,66,6,79,,,,,,,,,,,,,,
A0027,,,,,,,,78,,,,,,,,,,22,14,33,,,,,,25,20,13,6,8,49,24,50,6,,,,,,,,,8,28,22,13,,,
A0028,,,,,,,,67,,,,,,,,20,58,,,,,,,,,,,,,,,,,,,,,,,,,,,,,,26,18,12
A0029,,,52,6,12,41,,,,,,,,,,,,,,,,,,,,,,,,,,,37,6,79,,,,,29,11,17,,,,,24,16,8
A0030,,,,,,,57,,34,22,15,,,,,,,,,,16,46,,,,,,,,,,,,,,,,,,,,,,,,,30,18,12
A0031,,,,,,,,,,,,,,,,,,,,,,,14,7,55,,,,,,,,,,64,11,27,7,21,,,,,,,,,,
A0032,,,,,,,73,,,,,,,,62,,,,,,,,,,,,,,,,,,,,,,,,,,,,,,,,,,
A0033,,,,,,,,,,,,,,,56,,,,,,,,,,,,,,,5,32,17,,,77,,,,,,,,7,26,20,13,,,
A0034,,,,,,,,66,32,16,13,,,,,,,,,,,,12,5,37,,,,,,,,76,7,52,,,,,,,,,,,,29,17,12
A0035,5,39,,,,,62,77,,,,,,,,,,,,,,,,,,,,,,,,,49,7,,17,35,9,24,,,,,,,,,,
A0036,,,,9,16,48,,,,,,,,,,,,,,,,,,,,,,,,,,,,,,,,,,,,,,,,,36,18,13
A0037,7,59,69,,,,,,,,,,,,,,,,,,19,46,,,,,,,,,,,,,,,,,,,,,7,30,27,16,,,
A0038,,,,,,,,,,,,,,,,,,22,12,32,,,,,,,,,,,,,67,7,,,,,,,,,,,,,,,
A0039,,,,,,,59,,,,,52,9,6,,,,,,,,,,,,31,17,11,5,,,,,,60,,,,,,,,,,,,,,
A0040,,,,,,,,,,,,,,,42,,,,,,,,11,5,35,,,,,,,,,,,,,,,,,,,,,,24,14,10
A0041,,,,8,13,55,60,72,,,,,,,,,,20,16,28,21,46,,,,,,,,9,55,28,,,,,,,,,,,7,37,22,15,,,
A0042,,,,,,,58,,,,,,,,,18,49,,,,20,36,20,10,70,23,15,12,6,,,,,,45,,,,,,,,7,26,20,14,,,
A0043,,,90,,,,,,,,,,,,,20,45,,,,,,14,8,59,,,,,8,42,24,,,,,,,,,,,,,,,27,18,11
A0044,,,,7,13,37,,52,,,,55,14,6,58,,,,,,,,,,,,,,,,,,,,,,,,,,,,,,,,,,
A0045,6,55,,,,,,72,,,,,,,,,,,,,,,,,,,,,,,,,,,,,,,,,,,,,,,,,
A0046,,,,,,,,,,,,,,,,,,,,,,,,,,,,,,,,,54,6,72,,,,,,,,,,,,,,
A0047,4,41,71,,,,,,,,,,,,,,,,,,21,55,,,,29,23,18,8,5,36,17,,,62,,,,,,,,5,24,16,12,,,
A0048,,,,,,,,,,,,,,,,,,,,,22,54,,,,,,,,6,35,19,,,,,,,,,,,,,,,,,
A0049,,,88,,,,,,,,,,,,,,,,,,,,,,,,,,,,,,,,,,,,,29,13,17,,,,,30,17,11
A0050,,,,,,,74,,,,,,,,74,,,,,,,,,,,,,,,,,,,,68,,,,,,,,,,,,,,
A0051,6,37,,4,10,37,,,,,,,,,,25,52,,,,,,,,,,,,,,,,,,,,,,,30,12,17,8,31,20,18,34,25,15
A0052,,,,,,,,,,,,,,,,20,41,,,,,,,,,,,,,7,38,20,54,6,52,,,,,,,,,,,,45,26,20
A0053,,,,,,,,81,46,26,17,,,,56,,,,,,,,16,8,63,21,16,10,6,,,,,,,,,,,,,,,,,,,,
A0054,,,,4,7,31,,,,,,,,,,,,22,13,37,,,9,6,34,25,21,14,7,,,,,,,18,35,8,24,,,,,,,,28,18,13
A0055,,,,8,14,49,,85,,,,,,,48,,,,,,19,49,,,,,,,,,,,65,8,48,,,,,,,,,,,,31,15,12
A0056,,,64,,,,65,,,,,,,,,,,,,,,,,,,,,,,,,,50,5,,,,,,,,,,,,,,,
A0057,,,,,,,,,38,22,13,35,12,6,,,,28,18,41,,,16,7,64,,,,,,,,,,,14,23,6,20,27,11,14,,,,,,,
A0058,4,44,,10,15,55,,,30,23,15,,,,,,,,,,,,13,7,55,,,,,6,32,19,,,,10,30,5,21,,,,,,,,23,16,8
A0059,,,,,,,,,,,,,,,53,,,17,14,34,,,,,,,,,,,,,,,,,,,,36,11,19,,,,,,,
A0060,,,,,,,,85,,,,,,,,18,43,,,,,,,,,,,,,,,,,,,,,,,,,,,,,,29,16,8
A0061,,,,6,14,36,,73,,,,,,,41,,,,,,,,,,,,,,,7,45,28,70,8,60,,,,,,,,,,,,,,
A0062,,,,,,,,73,,,,45,16,8,,,,,,,,,,,,,,,,,,,,,,11,25,6,18,37,15,22,,,,,,,
A0063,,,,7,10,47,,,,,,,,,,,,,,,,,17,7,46,,,,,,,,,,,13,22,7,21,,,,,,,,,,
A0064,,,51,,,,,61,,,,,,,,,,,,,26,65,19,8,63,,,,,3,18,10,,,61,,,,,,,,,,,,34,25,14
A0065,,,,,,,74,,,,,40,11,7,,23,60,,,,16,38,13,9,58,,,,,6,40,21,54,6,,,,,,,,,,,,,,,
A0066,,,65,6,12,44,,,,,,,,,,,,,,,,,14,6,42,21,17,11,7,,,,,,,,,,,,,,,,,,,,
A0067,,,,5,10,36,,57,,,,,,,,,,,,,,,15,9,52,,,,,,,,,,,16,40,8,25,,,,6,23,21,13,,,
A0068,,,,4,9,34,,,,,,,,,,,,20,14,30,,,16,8,50,,,,,,,,,,,,,,,34,13,19,,,,,,,
A0069,,,,,,,,,,,,,,,,,,,,,,,,,,22,26,15,6,7,44,21,,,55,15,23,6,19,,,,,,,,,,
A0070,,,,,,,,,36,21,10,,,,56,,,,,,24,46,,,,,,,,,,,,,,,,,,,,,,,,,,,
A0071,7,69,62,,,,,92,32,21,15,,,,,,,,,,16,38,,,,,,,,,,,,,,12,26,7,19,,,,,,,,,,
A0072,,,,6,11,45,,65,,,,,,,,,,,,,23,56,12,6,32,30,25,17,9,,,,,,,,,,,,,,7,30,26,14,,,
A0073,,,78,,,,,,,,,,,,,,,22,14,38,,,17,7,49,,,,,,,,,,79,14,34,7,27,,,,7,20,18,10,,,
A0074,,,,,,,,75,,,,47,12,5,,,,,,,,,14,6,49,,,,,,,,,,,,,,,37,15,24,,,,,,,
A0075,,,,,,,,,,,,,,,,,,15,12,31,,,,,,,,,,6,29,13,,,57,18,33,9,26,35,12,14,8,26,22,15,,,
A0076,,,,,,,,74,,,,48,13,7,,,,,,,,,,,,,,,,6,32,16,,,53,,,,,,,,8,27,19,16,,,
A0077,,,,,,,,,,,,,,,70,25,58,,,,,,,,,,,,,,,,,,,,,,,21,10,10,,,,,,,
A0078,,,,,,,,84,,,,,,,,,,,,,,,16,7,47,28,20,16,9,,,,,,60,,,,,36,12,21,7,26,20,13,,,
A0079,,,,,,,,,,,,,,,,,,,,,,,,,,,,,,6,33,19,,,84,,,,,,,,7,27,21,12,,,
A0080,,,84,,,,,,42,30,17,,,,,,,,,,,,,,,40,25,20,8,,,,,,75,,,,,,,,,,,,25,17,11
A0081,6,55,,,,,,,,,,,,,,,,19,13,33,27,62,,,,,,,,,,,,,,,,,,,,,,,,,,,
A0082,6,63,,,,,,,,,,,,,,23,54,,,,,,,,,24,17,14,7,,,,,,,,,,,,,,,,,,,,
A0083,,,,,,,66,,,,,,,,48,,,26,13,47,,,13,6,47,,,,,,,,,,,,,,,,,,6,25,18,11,34,23,12
A0084,,,,5,13,45,60,,,,,44,10,6,,,,,,,,,,,,,,,,,,,47,6,57,,,,,,,,,,,,31,23,12
A0085,,,,,,,,,,,,,,,,,,25,14,35,,,,,,,,,,7,46,20,,,,,,,,,,,,,,,,,
A0086,,,,,,,,56,,,,,,,,,,,,,,,,,,,,,,,,,,,,,,,,26,12,17,,,,,,,
A0087,,,,,,,,,,,,,,,60,,,,,,,,,,,28,18,13,8,6,38,16,,,,,,,,34,12,24,,,,,24,20,13
A0088,,,,,,,,81,,,,,,,,,,,,,,,,,,,,,,,,,,,,16,28,6,21,,,,,,,,,,
A0089,,,,,,,,,,,,,,,46,,,,,,,,,,,,,,,8,38,18,,,,15,35,7,25,,,,,,,,,,
A0090,,,,,,,,,40,25,17,,,,,,,19,11,34,,,,,,23,15,14,6,,,,,,,,,,,,,,,,,,,,
A0091,,,82,8,13,39,,,,,,61,18,9,,,,,,,,,16,6,44,,,,,,,,,,,,,,,23,7,18,,,,,,,
A0092,,,,,,,,,,,,,,,74,,,,,,,,,,,28,16,13,6,,,,,,,,,,,30,9,17,,,,,,,
A0093,,,,,,,,,,,,,,,53,,,,,,,,,,,,,,,,,,,,,,,,,,,,6,23,15,11,,,
A0094,,,,,,,,,,,,,,,54,21,47,,,,15,28,,,,26,22,14,7,,,,,,53,,,,,40,15,24,,,,,,,
A0095,,,,,,,,,,,,50,15,7,,,,,,,,,,,,,,,,,,,,,,13,27,7,20,,,,,,,,,,
A0096,,,,,,,,,,,,,,,,,,,,,,,,,,,,,,5,39,20,,,,13,33,8,25,,,,,,,,,,
A0097,,,77,9,16,59,,,,,,,,,63,,,24,13,32,,,,,,,,,,,,,,,52,,,,,,,,,,,,28,20,13
A0098,,,79,,,,,,34,24,14,,,,,,,,,,,,,,,,,,,,,,,,,,,,,32,11,21,6,21,18,13,,,
A0099,,,76,6,13,32,56,,,,,37,10,6,,,,,,,,,13,9,44,,,,,,,,,,70,14,27,6,21,,,,,,,,,,
A0100,,,,,,,,,,,,,,,,,,21,14,35,,,,,,,,,,,,,58,6,,,,,,,,,,,,,,,
A0101,6,46,,,,,,,,,,40,12,5,,,,23,17,36,24,59,,,,31,24,14,7,,,,,,,,,,,,,,,,,,30,21,10
A0102,,,,,,,,56,,,,,,,,,,,,,18,48,,,,,,,,7,48,17,78,10,,,,,,,,,,,,,,,
A0103,,,,,,,57,,33,17,11,50,13,5,,,,,,,,,,,,,,,,,,,,,,,,,,,,,6,21,16,10,,,
A0104,,,,4,7,38,,,,,,,,,,,,,,,,,,,,24,18,14,6,6,34,15,49,7,70,,,,,,,,,,,,,,
A0105,,,,,,,,,,,,44,14,6,68,,,,,,,,13,7,50,,,,,,,,48,7,,13,24,6,21,29,15,22,,,,,,,
A0106,,,,,,,,,29,16,13,,,,47,,,,,,,,,,,,,,,,,,,,,,,,,,,,,,,,,,
A0107,7,65,,,,,,,,,,46,13,6,,,,25,17,45,,,,,,26,24,15,7,6,33,19,48,5,,13,26,7,21,,,,,,,,,,
A0108,,,,,,,,67,,,,43,14,7,,,,20,16,41,,,,,,31,26,13,6,7,45,24,,,,10,23,5,17,,,,,,,,22,13,11
A0109,,,,,,,68,68,,,,,,,,,,,,,,,,,,,,,,,,,,,55,8,24,6,15,30,12,16,6,31,14,15,,,
A0110,,,,,,,,78,38,22,13,,,,,,,,,,,,,,,,,,,5,36,20,,,,,,,,,,,,,,,26,20,11
A0111,,,81,,,,,69,,,,,,,36,25,47,,,,,,,,,,,,,,,,,,,,,,,25,11,17,,,,,,,
A0112,5,43,,5,11,32,,,,,,,,,,,,,,,20,34,,,,,,,,,,,67,6,67,,,,,,,,,,,,,,
A0113,,,,,,,90,,,,,,,,,,,,,,,,,,,,,,,,,,73,8,,,,,,,,,,,,,,,
A0114,,,82,5,11,45,,70,37,26,16,,,,,25,58,20,18,40,,,18,10,48,,,,,,,,,,,,,,,,,,,,,,,,
A0115,,,,,,,,63,,,,,,,,,,27,19,42,,,13,9,64,24,16,14,7,,,,,,,,,,,,,,,,,,,,
A0116,,,,,,,71,87,,,,,,,,,,,,,19,58,11,6,34,25,20,11,6,5,30,17,,,,,,,,,,,,,,,,,
A0117,,,,,,,,,,,,,,,,,,,,,18,39,18,9,52,,,,,,,,,,,,,,,,,,,,,,,,
A0118,,,,6,10,40,,,,,,,,,,,,,,,,,,,,,,,,,,,,,,,,,,,,,7,35,19,14,,,
A0119,,,,6,12,50,,,,,,,,,,26,57,21,15,37,,,,,,,,,,,,,,,,,,,,,,,,,,,,,
A0120,,,74,6,11,38,,,,,,,,,56,,,,,,,,,,,,,,,,,,,,,,,,,,,,,,,,,,
A0121,,,,,,,,66,,,,,,,,26,44,,,,,,14,8,48,,,,,,,,,,,,,,,,,,,,,,,,
A0122,,,,,,,60,,26,17,13,,,,,14,40,,,,,,20,9,59,,,,,,,,64,6,,,,,,,,,,,,,34,22,17
A0123,,,72,,,,,,36,26,14,49,15,8,75,,,,,,,,,,,,,,,,,,,,,14,29,7,21,,,,,,,,24,16,9
A0124,6,70,,,,,,,,,,,,,,,,,,,23,59,,,,31,22,17,7,,,,,,,,,,,,,,,,,,49,27,17
A0125,,,74,6,10,29,,,,,,,,,,,,,,,,,,,,27,28,17,9,,,,,,,,,,,,,,,,,,,,
A0126,,,,,,,70,72,33,21,13,,,,78,,,,,,,,,,,,,,,,,,77,8,,,,,,,,,,,,,27,16,10
A0127,5,52,,,,,,,,,,,,,,,,,,,,,,,,29,21,13,8,,,,68,8,,,,,,,,,,,,,,,
A0128,7,60,66,6,15,54,61,,,,,,,,,25,52,,,,,,,,,,,,,,,,,,,,,,,,,,6,31,22,15,38,23,16
A0129,,,,,,,,70,,,,46,11,6,,,,,,,,,,,,27,20,15,10,6,24,16,,,,,,,,,,,,,,,,,
A0130,,,81,,,,,,,,,,,,,20,48,,,,,,,,,,,,,,,,,,,,,,,,,,,,,,,,
A0131,,,77,7,16,50,,,40,25,17,,,,67,,,,,,,,20,9,53,20,16,11,7,,,,,,,,,,,,,,,,,,,,
A0132,,,,,,,,,36,21,13,,,,,,,,,,23,51,,,,,,,,,,,,,,,,,,,,,,,,,30,16,12
A0133,,,,,,,42,,31,15,9,,,,,,,,,,29,52,10,6,39,,,,,5,33,16,,,86,,,,,40,15,27,,,,,,,
A0134,,,,,,,,,,,,,,,,,,,,,23,51,,,,,,,,,,,57,5,,,,,,,,,,,,,,,
A0135,,,,,,,,,32,16,14,,,,,,,,,,,,14,8,64,29,18,12,5,5,33,17,,,65,,,,,,,,,,,,,,
A0136,,,,,,,,,40,21,11,,,,,,,,,,,,,,,,,,,6,39,22,,,,,,,,,,,,,,,,,
A0137,,,73,,,,64,,,,,,,,41,,,,,,,,,,,26,19,14,7,,,,,,,,,,,,,,,,,,,,
A0138,,,,,,,56,,,,,,,,,,,,,,,,,,,,,,,,,,,,69,,,,,,,,,,,,,,
A0139,,,,,,,,,,,,,,,,,,,,,,,15,7,54,26,24,16,8,,,,,,,,,,,,,,,,,,36,18,14
A0140,,,,,,,,81,,,,,,,80,,,,,,,,,,,,,,,7,38,16,,,63,,,,,31,9,14,10,35,28,19,,,
A0141,,,,4,9,38,,,,,,,,,,20,44,,,,26,49,,,,29,25,16,7,,,,,,,,,,,38,14,16,,,,,27,19,10
A0142,,,68,,,,,,,,,,,,,,,,,,,,,,,24,20,12,7,,,,,,,,,,,,,,,,,,25,21,12
A0143,,,,,,,72,59,,,,,,,55,,,22,12,34,,,,,,25,24,13,7,8,43,22,79,9,,,,,,,,,,,,,,,
A0144,,,,,,,,,,,,36,11,5,,21,48,,,,,,17,9,68,,,,,,,,76,7,,,,,,,,,,,,,,,
A0145,,,,,,,,,,,,47,13,8,52,,,,,,,,,,,,,,,,,,,,,,,,,,,,5,23,19,14,,,
A0146,,,,,,,,,,,,,,,,19,49,,,,,,13,8,44,40,30,20,9,7,31,16,,,,,,,,,,,,,,,,,
A0147,,,,,,,,81,,,,46,14,6,,20,49,30,19,44,,,,,,,,,,,,,,,,,,,,,,,,,,,,,
A0148,,,,,,,,,,,,37,13,5,73,,,,,,12,35,,,,,,,,,,,77,6,58,,,,,,,,7,29,23,14,,,
A0149,,,64,6,12,45,83,,,,,,,,,,,,,,,,,,,,,,,,,,,,63,,,,,,,,6,27,21,15,,,
A0150,6,42,85,,,,,,32,21,12,,,,,,,,,,20,46,,,,,,,,,,,,,,,,,,,,,,,,,25,18,10
A0151,6,70,,,,,,,,,,46,15,8,55,,,,,,,,14,6,48,,,,,,,,,,,17,34,8,29,,,,6,30,19,14,,,
A0152,,,57,,,,,,,,,,,,,,,,,,,,13,8,52,,,,,,,,,,,,,,,,,,,,,,,,
A0153,,,,,,,63,,,,,,,,,,,,,,,,,,,,,,,6,37,19,,,,,,,,,,,,,,,,,
A0154,,,,,,,56,47,,,,,,,,15,47,,,,,,10,5,34,,,,,7,46,24,,,,17,34,9,24,,,,7,27,22,15,,,
A0155,5,51,68,,,,,,,,,,,,54,23,54,24,16,35,,,,,,,,,,,,,62,7,,,,,,,,,7,25,17,11,,,
A0156,,,54,,,,61,73,30,15,12,,,,,,,,,,,,,,,,,,,8,55,27,,,,,,,,,,,,,,,,,
A0157,,,68,7,10,29,,,,,,,,,,19,44,,,,18,44,,,,,,,,,,,79,8,,,,,,,,,,,,,,,
A0158,6,51,56,,,,,,36,17,13,,,,,,,,,,,,,,,,,,,7,37,21,,,58,14,28,7,18,,,,,,,,,,
A0159,,,,,,,,,,,,,,,,,,19,16,37,,,,,,,,,,,,,,,,,,,,,,,,,,,34,17,11
A0160,,,,,,,72,,,,,,,,,,,,,,,,13,8,53,30,20,15,7,,,,50,6,49,14,31,8,25,,,,,,,,,,
A0161,,,,,,,74,,,,,,,,,,,,,,,,,,,,,,,,,,,,,,,,,,,,6,23,16,15,,,
A0162,,,,,,,51,76,32,18,9,,,,,,,,,,,,,,,,,,,,,,,,,13,32,8,20,,,,8,28,18,13,,,
A0163,,,,,,,,,,,,48,12,7,,,,21,14,30,,,14,8,58,,,,,,,,77,8,,,,,,,,,7,31,18,13,16,13,8
A0164,,,71,,,,,87,,,,34,10,6,,,,24,13,41,,,,,,,,,,,,,,,,,,,,,,,,,,,,,
A0165,4,57,65,,,,,,,,,,,,,,,,,,21,43,,,,20,14,12,4,6,29,14,,,,,,,,,,,,,,,,,
A0166,,,78,,,,88,81,,,,,,,,20,45,,,,,,,,,25,20,13,6,6,34,15,,,,16,30,7,17,,,,,,,,,,
A0167,,,,,,,,,,,,50,14,7,,,,26,17,50,13,44,12,5,34,30,22,18,8,,,,,,,16,29,6,22,,,,,,,,27,25,15
A0168,7,56,,7,14,53,,,,,,49,14,7,,,,,,,,,,,,,,,,6,30,18,,,,18,34,9,23,22,9,13,,,,,,,
A0169,,,,,,,69,,,,,,,,,,,25,14,43,,,,,,,,,,,,,,,,13,30,7,21,26,10,21,,,,,,,
A0170,,,,,,,,,,,,,,,,,,,,,,,,,,,,,,,,,,,,,,,,24,10,12,,,,,27,17,12
A0171,,,,,,,,90,40,24,16,,,,66,,,21,15,38,,,,,,,,,,7,37,22,,,,18,37,8,24,27,12,20,,,,,,,
A0172,5,49,,,,,,,42,27,18,,,,,,,,,,21,49,16,7,46,,,,,4,27,12,,,,17,30,7,24,,,,,,,,,,
A0173,,,82,,,,,,,,,30,11,6,,23,67,,,,,,,,,,,,,,,,,,55,,,,,,,,6,26,17,15,,,
A0174,,,100,,,,59,60,,,,,,,,,,,,,,,17,10,65,,,,,,,,,,61,,,,,,,,5,19,15,11,,,
A0175,,,,5,10,40,,,44,21,15,,,,,17,40,,,,,,16,7,48,26,22,11,8,,,,,,,,,,,,,,6,27,18,13,,,
A0176,,,,,,,,,40,27,15,,,,,,,,,,,,,,,,,,,,,,,,,,,,,,,,6,26,19,11,42,19,14
A0177,,,,,,,,,,,,,,,,,,,,,,,,,,,,,,,,,80,7,58,,,,,,,,6,22,18,11,,,
A0178,,,,,,,,72,,,,,,,,,,,,,,,,,,30,23,13,7,,,,,,,,,,,,,,,,,,35,20,12
A0179,7,45,,,,,,,,,,,,,,,,,,,,,,,,,,,,,,,,,,,,,,26,11,15,,,,,30,13,9
A0180,,,,,,,68,71,,,,,,,52,18,46,,,,,,,,,27,21,15,7,4,27,17,,,,,,,,,,,8,26,25,13,,,
A0181,,,,,,,,,33,17,11,,,,,14,33,,,,,,15,8,48,,,,,,,,,,75,,,,,35,10,22,,,,,,,
A0182,7,48,50,6,9,32,,69,,,,,,,,,,,,,,,,,,,,,,6,34,20,63,6,66,,,,,,,,,,,,,,
A0183,7,58,67,,,,,84,36,19,12,,,,65,,,,,,,,14,5,44,,,,,,,,,,,,,,,,,,,,,,33,16,11
A0184,,,,,,,,,,,,,,,,20,51,25,13,42,,,,,,18,17,8,5,,,,59,7,,,,,,32,10,12,,,,,31,20,15
A0185,,,,,,,,,,,,,,,,,,,,,26,56,14,7,50,,,,,,,,,,77,,,,,,,,,,,,,,
A0186,,,,6,13,34,59,86,,,,,,,,,,,,,21,46,18,8,66,,,,,,,,,,,,,,,40,12,19,,,,,,,
A0187,,,84,,,,,,42,19,17,,,,63,,,,,,,,13,7,45,22,20,12,7,,,,,,,13,26,6,17,,,,,,,,,,
A0188,,,,,,,47,,,,,,,,57,26,52,,,,,,,,,,,,,,,,,,,,,,,,,,,,,,,,
A0189,,,,,,,,52,,,,,,,,14,42,19,15,33,19,45,,,,,,,,,,,,,77,15,29,8,23,34,13,18,,,,,,,
A0190,,,,6,13,51,,,,,,,,,59,,,21,12,39,,,,,,28,23,14,7,,,,79,7,59,,,,,,,,,,,,,,
A0191,5,46,,,,,,70,,,,,,,61,,,,,,,,,,,,,,,,,,,,,,,,,,,,,,,,,,
A0192,,,,8,15,53,,94,,,,,,,,,,,,,,,,,,17,19,11,6,,,,,,,,,,,,,,,,,,33,22,13
A0193,,,,,,,,,34,22,13,,,,,,,21,11,30,,,,,,,,,,7,39,22,59,7,,,,,,28,12,18,6,28,15,10,24,15,11
A0194,,,,,,,78,,,,,40,10,7,60,20,46,21,15,38,,,,,,,,,,,,,,,,16,27,7,20,24,12,19,,,,,,,
A0195,,,84,,,,,,,,,,,,,27,57,,,,,,,,,24,18,10,6,,,,,,,,,,,,,,,,,,,,
A0196,,,,,,,,,,,,43,12,6,,,,,,,,,,,,,,,,,,,56,5,,,,,,,,,,,,,,,
A0197,,,,,,,76,,,,,,,,,26,56,28,19,50,,,,,,,,,,,,,,,62,14,30,6,17,,,,6,22,15,12,,,
A0198,,,94,5,12,44,63,76,,,,,,,54,,,,,,,,18,8,57,,,,,,,,,,,,,,,,,,,,,,26,20,11
A0199,,,,4,10,32,,73,36,19,16,,,,,,,,,,,,,,,,,,,,,,74,8,,15,26,7,24,31,12,19,,,,,,,
A0200,,,,,,,83,,,,,34,10,6,,,,,,,,,,,,,,,,,,,,,64,,,,,,,,,,,,,,
A0201,,,,3,7,30,,,,,,,,,,,,,,,,,,,,,,,,,,,47,6,64,,,,,,,,,,,,,,
A0202,,,,,,,78,,,,,,,,,,,,,,,,,,,,,,,,,,,,,15,27,8,25,,,,8,28,22,14,,,
A0203,,,,,,,,,28,18,12,,,,,,,,,,,,,,,,,,,,,,,,,,,,,,,,,,,,19,13,12
A0204,,,,,,,,,,,,36,12,6,36,,,,,,26,66,,,,28,20,13,7,6,24,17,,,,,,,,,,,,,,,,,
A0205,,,91,,,,53,79,,,,,,,47,,,,,,,,,,,,,,,,,,,,,,,,,,,,5,23,14,12,38,21,13
A0206,,,60,5,10,39,,,,,,,,,,,,,,,,,,,,31,19,17,7,,,,,,,,,,,,,,7,17,19,13,,,
A0207,,,81,,,,,63,,,,,,,55,,,18,13,33,,,,,,22,14,10,5,,,,64,6,,14,25,7,14,,,,,,,,,,
A0208,,,,,,,,,,,,,,,,,,,,,,,,,,,,,,7,45,20,,,,,,,,,,,,,,,36,20,13
A0209,,,86,,,,,83,,,,57,12,8,44,,,,,,,,14,6,47,,,,,,,,,,,,,,,,,,,,,,,,
A0210,6,57,,,,,,71,,,,39,11,6,,19,46,,,,,,,,,,,,,,,,,,62,,,,,34,13,24,,,,,,,
A0211,,,,4,11,32,67,,35,25,13,,,,,29,70,,,,20,46,,,,,,,,,,,,,70,,,,,,,,,,,,31,18,13
A0212,,,,6,13,41,,57,,,,,,,65,,,,,,,,,,,27,21,10,6,,,,,,,16,28,6,25,,,,,,,,,,
A0213,,,,8,13,47,,,,,,,,,,,,,,,15,41,,,,,,,,,,,,,,,,,,35,12,15,,,,,,,
A0214,7,54,,7,15,45,49,85,,,,48,13,7,,18,49,,,,,,,,,,,,,,,,,,,,,,,,,,6,24,21,12,,,
A0215,,,,,,,,,41,21,15,,,,,,,,,,,,,,,,,,,,,,70,8,,,,,,,,,,,,,,,
A0216,,,72,,,,,,,,,,,,,,,,,,18,43,,,,29,19,11,7,,,,,,,16,27,8,19,25,10,15,,,,,,,
A0217,,,,7,12,46,92,,30,17,13,,,,,,,16,10,30,,,,,,27,24,13,8,,,,69,6,,11,26,7,19,,,,,,,,,,
A0218,,,68,,,,,78,38,25,18,33,12,7,,,,,,,,,,,,,,,,,,,,,,,,,,,,,6,23,14,10,31,18,12
A0219,,,78,,,,,65,37,22,13,,,,,,,,,,,,,,,,,,,,,,,,,,,,,,,,,,,,,,
A0220,,,,,,,,,,,,,,,,,,25,18,33,,,,,,,,,,,,,,,,,,,,37,13,21,6,24,15,12,,,
A0221,,,,,,,,,,,,,,,,,,,,,23,56,,,,,,,,4,29,13,,,,17,31,9,25,,,,7,24,20,16,,,
A0222,,,,,,,,,34,20,15,46,14,7,54,,,22,17,38,,,,,,,,,,,,,,,62,,,,,,,,,,,,,,
A0223,,,,,,,55,,,,,,,,,,,,,,24,56,,,,,,,,,,,,,,,,,,,,,,,,,,,
A0224,,,65,,,,,71,,,,,,,,,,,,,,,,,,,,,,,,,,,54,,,,,,,,,,,,32,19,16
A0225,6,65,,5,7,40,,,,,,48,11,6,,,,,,,25,48,13,8,51,,,,,,,,,,73,,,,,,,,,,,,,,
A0226,,,,7,13,48,,,,,,,,,,,,,,,,,,,,,,,,,,,69,7,,16,33,8,17,,,,,,,,,,
A0227,7,62,80,,,,73,86,,,,,,,,,,,,,,,,,,23,20,13,8,,,,57,6,,16,26,7,20,,,,,,,,,,
A0228,,,,,,,,83,,,,,,,,25,50,,,,23,42,,,,,,,,,,,,,,,,,,37,15,23,,,,,,,
A0229,,,,,,,,,46,21,18,,,,,,,30,18,48,,,11,5,47,,,,,6,36,18,54,6,,,,,,,,,7,31,23,17,38,20,13
A0230,,,,,,,,61,,,,,,,,,,,,,,,19,9,57,,,,,,,,,,,12,29,7,18,,,,5,20,17,10,,,
A0231,,,,4,7,28,,,41,23,17,,,,50,,,,,,,,,,,,,,,,,,,,,,,,,25,13,17,,,,,,,
A0232,,,,5,15,42,,,,,,49,15,8,,,,,,,,,,,,,,,,,,,,,,,,,,,,,,,,,,,
A0233,,,,,,,,,,,,28,8,6,,,,30,16,39,16,31,,,,,,,,,,,,,,,,,,,,,,,,,,,
A0234,6,62,74,,,,67,,,,,,,,,,,,,,,,16,8,57,,,,,6,35,16,,,,,,,,22,9,17,,,,,,,
A0235,,,,,,,,69,,,,,,,,,,,,,,,,,,,,,,6,34,13,,,82,,,,,,,,,,,,,,
A0236,,,,,,,,,27,20,15,,,,57,,,,,,,,13,7,58,21,18,11,5,9,43,22,,,,,,,,,,,,,,,,,
A0237,,,,,,,,,,,,,,,43,,,,,,,,,,,,,,,,,,,,51,,,,,,,,,,,,,,
A0238,7,67,52,,,,,,,,,,,,65,,,,,,20,43,,,,,,,,,,,,,61,,,,,37,15,24,,,,,,,
A0239,8,64,,6,13,46,,90,,,,,,,,22,48,26,15,41,,,,,,,,,,,,,,,55,,,,,,,,,,,,,,
A0240,,,,,,,,63,,,,,,,52,,,,,,17,39,,,,24,18,12,6,7,51,23,,,73,,,,,,,,,,,,,,
A0241,,,76,,,,61,,,,,,,,,,,22,15,38,20,52,12,5,43,,,,,7,39,18,,,,,,,,31,12,20,,,,,,,
A0242,,,,5,12,38,,,,,,,,,,,,,,,,,,,,,,,,,,,,,,,,,,,,,,,,,38,23,14
A0243,,,,,,,83,78,25,14,11,,,,56,26,62,,,,,,,,,,,,,,,,,,,,,,,,,,6,17,21,13,23,24,13
A0244,,,,,,,80,,,,,48,13,6,,23,54,,,,,,,,,,,,,,,,61,8,,,,,,,,,7,25,16,12,,,
A0245,,,,,,,,,,,,,,,36,,,,,,,,,,,,,,,,,,,,,,,,,40,13,20,,,,,,,
A0246,,,69,4,10,20,,,,,,,,,,,,,,,21,45,12,6,44,,,,,,,,,,,,,,,,,,7,30,22,19,,,
A0247,8,67,,,,,,,,,,,,,,,,24,18,40,,,,,,,,,,,,,54,6,59,,,,,29,15,24,7,24,20,15,,,
A0248,,,,5,15,38,67,,37,27,19,,,,,,,,,,,,,,,,,,,,,,48,5,,,,,,,,,,,,,,,
A0249,,,,,,,,,29,15,14,,,,,,,,,,,,,,,,,,,,,,,,,,,,,,,,6,27,20,14,,,
A0250,7,54,93,,,,,,36,24,15,,,,,,,,,,,,,,,30,20,11,7,,,,,,54,16,27,7,27,,,,,,,,41,24,14
A0251,7,63,,,,,,,,,,37,12,6,55,20,41,,,,,,,,,,,,,,,,59,6,,15,34,7,17,,,,,,,,,,
A0252,,,,,,,,,,,,52,13,7,,,,,,,29,64,15,7,49,,,,,7,44,24,56,6,,,,,,27,12,18,7,29,23,15,,,
A0253,,,,,,,,,25,16,12,,,,,,,19,14,37,,,,,,,,,,,,,,,,,,,,,,,6,21,21,13,,,
A0254,8,55,,,,,,,,,,,,,,,,,,,,,,,,,,,,7,34,19,,,,,,,,,,,8,30,19,16,,,
A0255,,,,,,,,86,,,,,,,,,,23,16,47,,,20,10,70,,,,,,,,,,,,,,,,,,,,,,,,
A0256,8,43,,,,,,,,,,,,,,,,,,,,,15,7,54,,,,,,,,64,7,,,,,,,,,,,,,,,
A0257,,,72,,,,,,,,,,,,,,,,,,,,18,9,70,,,,,,,,,,,15,30,8,26,,,,,,,,32,13,13
A0258,,,,,,,,,,,,,,,64,,,,,,20,43,13,8,50,,,,,,,,,,,,,,,,,,,,,,,,
A0259,,,,6,13,44,,,,,,39,14,7,,,,,,,,,20,10,68,,,,,,,,49,7,,,,,,,,,,,,,34,20,14
A0260,,,,,,,,,,,,,,,49,,,,,,,,,,,,,,,,,,,,,15,25,8,19,,,,,,,,,,
A0261,,,,,,,,,45,27,19,,,,,21,52,19,14,29,,,,,,,,,,,,,,,,,,,,,,,,,,,,,
A0262,,,80,,,,62,81,41,24,15,,,,61,,,23,12,36,,,,,,,,,,,,,,,,,,,,,,,6,25,19,11,,,
A0263,,,,,,,59,83,,,,,,,,,,,,,25,62,15,8,46,,,,,,,,69,7,,,,,,,,,6,25,23,14,,,
A0264,,,69,,,,,,,,,48,16,8,,,,,,,22,57,,,,,,,,,,,,,65,16,31,5,24,,,,,,,,,,
A0265,,,,6,11,38,,79,,,,55,18,8,,,,,,,,,,,,,,,,7,28,16,,,,,,,,,,,8,23,19,15,,,
A0266,7,54,,,,,,100,,,,,,,49,,,,,,,,,,,,,,,,,,67,6,64,,,,,32,13,18,,,,,31,14,9
A0267,5,61,88,,,,,67,41,24,15,,,,,21,43,,,,,,,,,,,,,,,,,,,,,,,24,10,15,,,,,,,
A0268,,,,,,,61,,,,,,,,,,,,,,,,16,8,52,,,,,,,,,,,,,,,33,12,20,,,,,36,24,11
A0269,,,,6,12,52,58,,,,,,,,,,,,,,,,,,,,,,,6,43,20,76,8,,,,,,,,,7,28,19,13,33,18,11
A0270,,,52,,,,75,,,,,52,14,7,,,,,,,,,,,,,,,,,,,,,,16,33,7,24,,,,,,,,33,20,14
A0271,,,,5,9,34,74,,,,,,,,77,,,25,19,39,,,,,,,,,,3,27,9,,,,18,40,8,28,,,,,,,,27,17,9
A0272,,,59,6,10,45,59,69,,,,45,12,5,,,,,,,26,55,,,,,,,,,,,,,66,,,,,,,,,,,,,,
A0273,,,,8,16,59,49,,30,21,17,,,,,,,,,,,,,,,27,20,15,6,,,,,,,,,,,,,,6,29,21,12,,,
A0274,6,46,,,,,53,86,,,,,,,58,,,,,,,,,,,,,,,,,,,,51,,,,,,,,,,,,,,
A0275,,,,,,,,,,,,,,,,21,51,,,,,,,,,,,,,,,,,,44,10,18,3,15,,,,,,,,28,17,12
A0276,,,,,,,,65,,,,,,,,,,,,,,,,,,,,,,7,37,18,,,75,,,,,,,,,,,,,,
A0277,,,,,,,,,,,,,,,,23,56,,,,,,,,,18,20,12,6,,,,,,,,,,,,,,,,,,,,
A0278,7,66,,,,,72,,40,25,14,45,13,6,,,,,,,24,52,,,,32,25,15,7,,,,,,,,,,,,,,7,26,21,14,,,
A0279,,,,,,,68,,46,26,18,,,,57,,,25,15,32,17,39,17,8,58,,,,,7,32,18,,,,,,,,,,,,,,,,,
A0280,,,,,,,,,,,,37,12,5,,17,41,,,,,,,,,36,22,13,8,8,49,21,,,,,,,,,,,,,,,,,
A0281,,,88,5,8,36,74,,,,,39,15,6,,,,,,,,,12,6,50,,,,,,,,66,9,,16,26,8,23,,,,,,,,,,
A0282,,,50,,,,,,36,25,13,,,,,,,,,,,,,,,,,,,,,,,,60,,,,,30,14,18,,,,,,,
A0283,,,,,,,70,,,,,,,,66,23,58,,,,,,,,,,,,,,,,,,,15,35,9,22,37,13,20,,,,,35,23,15
A0284,,,,,,,,72,,,,,,,,,,,,,,,17,9,54,,,,,,,,,,75,,,,,,,,6,25,20,15,,,
A0285,8,53,,,,,,,,,,,,,,,,,,,,,,,,29,25,16,7,,,,65,6,,,,,,,,,,,,,,,
A0286,,,67,7,12,47,,,,,,,,,56,18,43,,,,,,13,7,40,,,,,5,27,10,,,76,,,,,,,,,,,,,,
A0287,,,,,,,,66,,,,,,,,,,,,,18,46,,,,,,,,5,26,17,65,9,76,,,,,,,,5,21,23,10,,,
A0288,,,65,,,,,,,,,,,,,,,,,,,,,,,29,21,14,6,7,32,16,,,,,,,,,,,,,,,,,
A0289,,,,,,,,81,,,,,,,,,,22,16,40,,,,,,27,22,16,6,,,,,,81,,,,,,,,,,,,,,
A0290,8,66,,6,14,53,,55,30,21,12,,,,,,,,,,,,,,,,,,,6,40,20,69,8,59,,,,,,,,,,,,,,
A0291,,,,,,,,,36,22,15,,,,,,,,,,,,,,,,,,,,,,,,,,,,,,,,7,31,18,14,,,
A0292,,,,,,,,,,,,,,,,18,41,21,14,35,,,13,7,47,,,,,7,40,25,,,,,,,,,,,,,,,,,
A0293,,,59,,,,,,,,,,,,,,,,,,,,,,,,,,,,,,,,48,,,,,,,,,,,,,,
A0294,,,,5,11,39,76,,,,,,,,,,,,,,,,14,9,51,,,,,,,,,,,,,,,,,,,,,,,,
A0295,,,,,,,,,,,,,,,39,,,,,,,,,,,,,,,,,,,,81,,,,,,,,,,,,,,
A0296,7,53,,5,13,38,66,82,,,,,,,63,,,,,,16,33,,,,,,,,,,,,,,,,,,,,,,,,,,,
A0297,,,,7,13,49,,,,,,,,,,,,,,,,,,,,,,,,,,,,,,,,,,38,18,26,,,,,,,
A0298,,,,,,,78,66,,,,,,,,,,20,15,37,,,,,,,,,,,,,,,76,,,,,,,,,,,,,,
A0299,,,,4,10,26,,,31,20,15,36,12,5,,,,,,,,,19,8,70,,,,,6,24,17,,,,,,,,,,,,,,,23,16,10
A0300,,,,6,16,49,,,,,,,,,,18,39,,,,,,13,7,42,,,,,,,,,,,,,,,,,,6,26,17,14,25,11,12
A0301,5,48,,,,,82,,,,,,,,,,,,,,,,,,,19,19,12,6,,,,,,,,,,,38,14,23,6,20,16,8,,,
A0302,,,,,,,,,,,,,,,57,,,,,,,,,,,,,,,6,43,22,,,,,,,,35,14,21,,,,,,,
A0303,,,,,,,,,,,,,,,,,,23,15,34,,,,,,23,16,12,5,,,,,,,,,,,,,,7,22,16,9,,,
A0304,6,54,65,,,,,,,,,,,,45,,,,,,,,,,,,,,,7,46,20,,,,18,34,8,24,,,,,,,,,,
A0305,,,,,,,,52,,,,,,,,,,25,16,39,22,50,,,,25,20,14,7,4,25,5,58,6,50,,,,,,,,,,,,,,
A0306,,,,,,,,,,,,,,,,,,,,,23,47,,,,,,,,7,35,18,,,,,,,,,,,,,,,,,
A0307,,,76,,,,80,,,,,,,,,,,,,,,,,,,30,20,12,8,7,41,18,41,6,,12,24,5,15,,,,,,,,28,20,9
A0308,,,,5,8,31,,,45,21,17,,,,,,,26,14,41,,,,,,,,,,,,,,,,17,25,7,24,,,,,,,,,,
A0309,,,,6,16,46,,,,,,,,,,,,,,,22,43,,,,,,,,,,,,,,,,,,,,,,,,,,,
A0310,,,,,,,,,,,,,,,,,,19,16,39,,,,,,,,,,,,,,,,13,21,4,17,,,,,,,,,,
A0311,,,,,,,71,,,,,42,11,5,,,,,,,,,15,7,48,28,23,18,7,,,,62,8,63,,,,,29,9,15,,,,,,,
A0312,7,51,,,,,69,,24,16,12,,,,,,,19,13,33,,,,,,,,,,,,,27,4,,,,,,,,,5,18,16,12,22,18,12
A0313,,,,6,10,34,,,,,,,,,,,,,,,,,10,6,41,22,19,13,7,,,,,,,17,29,8,26,38,14,20,,,,,,,
A0314,,,81,,,,,,,,,,,,,,,25,17,47,,,,,,,,,,,,,,,,15,25,8,22,,,,8,31,21,12,,,
A0315,,,,,,,,,,,,,,,62,,,22,18,44,19,38,,,,26,19,14,7,,,,52,6,,,,,,,,,5,22,16,11,,,
A0316,,,,6,12,38,61,,,,,,,,,,,,,,,,,,,,,,,,,,,,,,,,,38,13,20,,,,,22,16,11
A0317,,,99,4,7,29,,,,,,,,,,,,,,,24,56,,,,29,21,17,7,,,,,,,,,,,37,14,23,,,,,,,
A0318,,,,,,,72,71,,,,,,,,,,,,,14,41,,,,25,15,14,6,,,,,,,,,,,,,,,,,,,,
A0319,6,48,,6,10,40,,,,,,,,,51,,,,,,,,,,,,,,,6,31,18,,,85,,,,,,,,,,,,,,
A0320,4,40,78,,,,,,,,,,,,,,,23,14,38,24,57,,,,,,,,,,,61,7,,,,,,,,,,,,,30,18,13
A0321,,,,,,,,,,,,54,15,9,,18,45,,,,23,44,,,,,,,,,,,,,,15,31,7,22,32,14,21,,,,,,,
A0322,6,55,,,,,64,,,,,,,,,,,,,,,,18,8,55,21,15,11,4,6,50,19,60,8,,,,,,,,,,,,,,,
A0323,4,55,63,,,,,,,,,37,12,6,,,,,,,,,,,,27,24,13,6,5,40,16,,,,,,,,,,,9,28,24,15,34,18,13
A0324,,,,,,,70,,,,,,,,,14,45,,,,,,,,,,,,,,,,64,7,44,16,29,7,22,,,,,,,,,,
A0325,,,,,,,,,33,21,14,48,13,6,,,,,,,22,49,,,,,,,,,,,,,,,,,,,,,,,,,,,
A0326,,,,6,12,48,68,,,,,,,,,,,,,,,,,,,,,,,,,,69,7,,,,,,,,,,,,,,,
A0327,,,58,5,11,28,71,,,,,,,,,,,24,17,41,,,,,,,,,,7,38,19,,,,,,,,,,,,,,,,,
A0328,,,,,,,71,,,,,39,12,5,,,,,,,,,,,,,,,,,,,,,,,,,,35,14,18,8,28,22,17,,,
A0329,,,,,,,,72,,,,,,,,,,25,17,50,,,,,,,,,,,,,,,72,9,24,6,15,27,12,20,5,25,20,11,,,
A0330,,,66,,,,41,,,,,,,,,,,,,,,,,,,,,,,,,,56,6,,,,,,,,,,,,,,,
A0331,,,,,,,,,38,24,16,38,13,7,,,,,,,,,,,,27,22,14,6,,,,,,,,,,,,,,,,,,30,17,11
A0332,4,46,,,,,54,66,,,,,,,,,,,,,,,,,,27,15,12,6,,,,,,,,,,,,,,,,,,,,
A0333,,,,,,,,,,,,37,13,4,,,,,,,,,,,,,,,,,,,,,,,,,,23,11,17,,,,,23,15,9
A0334,,,,4,10,38,,,,,,38,10,6,,,,,,,,,,,,29,22,13,6,,,,,,52,,,,,,,,7,27,17,14,27,13,9
A0335,,,,6,9,39,,65,,,,,,,,26,57,,,,,,,,,,,,,,,,,,,,,,,28,13,17,,,,,,,
A0336,,,,6,11,38,,,,,,,,,,,,22,16,47,,,15,8,55,,,,,,,,,,,,,,,,,,,,,,34,18,14
A0337,7,61,,,,,,,28,20,11,,,,,17,37,27,14,40,,,,,,,,,,6,39,16,,,,13,31,7,24,29,11,21,,,,,,,
A0338,,,,,,,,,,,,,,,,,,,,,,,15,7,58,,,,,,,,,,70,,,,,,,,,,,,,,
A0339,,,,,,,,,,,,,,,,,,,,,19,41,,,,26,18,14,7,,,,,,,,,,,,,,6,23,18,10,,,
A0340,7,54,,6,13,55,,,37,21,15,54,17,9,,,,,,,,,,,,26,20,10,7,,,,,,,,,,,,,,,,,,,,
A0341,,,,,,,,,,,,42,14,8,,,,,,,,,,,,,,,,,,,52,5,,11,25,6,24,,,,7,27,20,11,,,
A0342,,,,,,,,,34,27,16,,,,69,,,,,,,,,,,,,,,6,29,12,,,,,,,,,,,,,,,,,
A0343,,,,9,15,56,,,,,,52,14,6,,,,,,,,,,,,,,,,7,44,21,,,74,,,,,,,,,,,,,,
A0344,8,65,64,,,,,,,,,,,,,,,,,,,,,,,21,19,12,6,,,,,,,,,,,,,,,,,,,,
A0345,6,51,,,,,74,,31,19,12,,,,,,,,,,,,,,,,,,,,,,,,,,,,,,,,,,,,,,
A0346,,,75,,,,83,,,,,36,13,7,,,,,,,,,14,7,54,,,,,,,,73,8,,,,,,32,15,18,9,29,26,18,,,
A0347,,,68,,,,66,,,,,56,15,6,60,,,,,,,,,,,27,18,13,6,8,44,19,,,,,,,,,,,,,,,,,
A0348,,,,,,,,70,29,18,13,,,,,,,,,,24,53,,,,23,19,11,6,6,42,20,,,76,,,,,38,13,25,,,,,,,
A0349,,,63,,,,,48,,,,,,,,19,44,,,,27,59,,,,,,,,,,,,,,,,,,,,,,,,,,,
A0350,,,,,,,,,37,19,14,,,,69,,,,,,23,50,,,,29,21,13,6,,,,,,,16,26,7,24,36,15,21,,,,,33,15,13
A0351,,,,,,,,75,,,,,,,,,,,,,,,,,,,,,,7,47,18,,,76,16,37,9,25,,,,,,,,32,22,14
A0352,,,,,,,,,37,23,15,,,,,,,,,,,,15,8,57,24,18,11,6,7,46,21,,,82,,,,,25,11,18,,,,,29,16,12
A0353,7,64,,,,,,59,31,15,11,,,,61,18,38,,,,,,,,,,,,,,,,66,7,,,,,,,,,,,,,,,
A0354,,,,,,,,,,,,,,,,,,,,,,,14,8,56,,,,,,,,,,,,,,,,,,5,18,16,12,,,
A0355,,,,,,,,,37,22,15,,,,,,,28,17,50,,,,,,,,,,6,36,20,,,,16,33,8,22,,,,5,28,22,14,,,
A0356,7,64,45,,,,49,,,,,,,,,20,53,,,,,,,,,,,,,,,,,,,,,,,,,,6,24,23,13,,,
A0357,,,73,,,,41,,,,,,,,,,,,,,21,48,15,7,51,29,22,13,8,,,,,,,,,,,,,,,,,,,,
A0358,,,,,,,,,,,,,,,61,,,,,,,,,,,20,20,13,5,,,,60,6,72,,,,,,,,,,,,,,
A0359,,,68,5,9,43,,64,,,,,,,,,,,,,,,,,,,,,,7,29,20,,,81,12,23,7,19,43,17,20,,,,,,,
A0360,,,,5,10,34,,,,,,,,,66,,,,,,23,56,,,,,,,,,,,,,67,,,,,28,11,19,7,31,23,17,,,
A0361,,,,,,,,,,,,40,11,7,,,,,,,16,33,,,,25,22,12,5,6,36,17,,,,,,,,31,11,14,,,,,35,20,14
A0362,,,,,,,,,,,,,,,,,,28,19,36,,,,,,32,24,13,8,,,,,,85,,,,,,,,,,,,,,
A0363,5,54,,,,,,,,,,,,,,,,,,,,,,,,30,21,15,6,,,,,,,,,,,38,14,25,,,,,,,
A0364,,,,,,,,,,,,,,,,,,23,15,36,,,,,,,,,,,,,69,7,,,,,,,,,,,,,,,
A0365,6,81,,,,,51,54,,,,52,14,8,,,,,,,19,53,18,9,68,26,18,10,6,,,,,,,,,,,,,,,,,,,,
A0366,7,56,78,,,,53,,,,,,,,,,,,,,,,14,6,47,,,,,,,,37,5,,13,32,8,23,,,,,,,,40,23,14
A0367,,,,7,16,52,67,,,,,49,14,7,,,,,,,,,,,,,,,,,,,,,,17,33,8,25,32,13,19,,,,,,,
A0368,,,,,,,,,,,,54,16,7,,,,,,,23,49,14,8,53,,,,,,,,,,,15,34,9,23,,,,7,34,24,18,,,
A0369,,,,5,10,35,,,,,,46,18,8,,27,52,,,,,,,,,,,,,,,,,,,,,,,,,,,,,,,,
A0370,,,,7,12,47,,,,,,,,,,,,,,,24,52,11,4,34,,,,,,,,,,,,,,,,,,8,27,21,14,41,20,12
A0371,,,,,,,,,35,21,14,,,,,,,,,,,,12,6,39,30,22,14,8,,,,,,66,,,,,34,11,15,,,,,,,
A0372,,,,8,13,49,,,,,,,,,61,,,29,19,44,,,,,,20,19,14,5,3,30,18,,,,,,,,,,,7,30,26,16,,,
A0373,,,64,6,11,40,,,,,,,,,60,,,,,,17,54,16,9,59,,,,,,,,55,4,,15,27,7,24,,,,,,,,,,
A0374,,,,,,,,,,,,,,,,,,,,,,,,,,,,,,,,,54,6,60,,,,,,,,,,,,,,
A0375,7,55,,,,,65,,41,24,14,45,15,6,69,,,,,,,,13,9,49,27,21,13,6,,,,,,,,,,,,,,,,,,,,
A0376,,,91,,,,,,41,20,16,59,15,7,,,,,,,,,,,,,,,,,,,,,52,,,,,,,,,,,,,,
A0377,8,62,,,,,,63,,,,,,,,,,,,,,,,,,,,,,,,,,,,,,,,,,,,,,,,,
A0378,,,,5,12,37,,,,,,,,,,,,23,16,35,,,,,,,,,,,,,,,59,,,,,,,,10,26,24,19,38,21,11
A0379,,,68,,,,,,,,,,,,,21,49,,,,,,,,,35,24,18,9,,,,,,,,,,,,,,,,,,,,
A0380,,,75,,,,70,,38,23,12,,,,,28,52,29,19,50,,,,,,,,,,7,33,19,,,,,,,,,,,,,,,,,
A0381,,,,,,,,,,,,,,,52,,,,,,,,14,8,48,,,,,,,,,,,19,37,9,28,,,,6,23,15,14,,,
A0382,,,48,,,,,55,,,,,,,,,,,,,,,,,,,,,,,,,,,,,,,,32,13,17,,,,,,,
A0383,,,,6,12,42,,,,,,,,,,,,,,,,,,,,,,,,5,36,21,,,,,,,,,,,,,,,,,
A0384,,,,6,11,46,,,,,,44,11,6,80,,,,,,,,,,,23,19,12,6,,,,,,46,14,30,7,23,32,13,22,,,,,,,
A0385,,,,,,,56,,,,,48,12,6,,,,,,,,,,,,,,,,,,,,,,,,,,33,12,14,,,,,,,
A0386,,,,,,,,,,,,,,,54,,,,,,,,16,7,56,,,,,,,,,,,,,,,,,,,,,,,,
A0387,,,,,,,75,,33,19,12,51,13,6,,23,51,,,,,,,,,20,18,11,4,,,,62,7,,,,,,28,10,17,,,,,,,
A0388,9,67,,,,,68,82,,,,,,,,,,,,,,,,,,,,,,,,,,,,14,32,8,24,,,,,,,,32,19,12
A0389,,,,,,,,,47,25,17,,,,,,,25,15,41,24,42,,,,,,,,,,,69,7,,,,,,,,,6,22,17,12,,,
A0390,,,,,,,95,,26,19,14,,,,47,,,21,15,34,,,,,,,,,,,,,,,,,,,,,,,5,24,18,12,,,
A0391,7,55,,6,12,44,,62,,,,,,,,25,64,,,,17,48,16,6,56,31,23,15,9,,,,,,,,,,,,,,,,,,,,
A0392,,,,7,12,48,,,,,,,,,71,,,,,,,,16,8,55,34,20,16,7,5,33,16,,,,,,,,,,,,,,,29,14,10
A0393,,,76,5,11,36,58,,,,,,,,,,,,,,,,15,6,53,,,,,,,,,,49,,,,,,,,,,,,,,
A0394,7,52,57,,,,70,68,,,,,,,,,,23,16,33,21,47,,,,,,,,,,,59,7,,,,,,,,,,,,,,,
A0395,,,,,,,,,30,19,11,,,,,,,,,,,,,,,25,18,11,6,,,,,,,,,,,34,14,18,,,,,,,
A0396,,,,8,16,54,70,,,,,,,,,,,,,,,,,,,,,,,,,,,,,,,,,37,15,23,,,,,,,
A0397,,,,6,10,40,,,,,,,,,,,,,,,21,48,,,,,,,,,,,,,,,,,,,,,,,,,,,
A0398,,,,,,,72,,,,,,,,,,,,,,16,46,,,,,,,,5,40,21,,,,,,,,,,,,,,,,,
A0399,,,,7,12,34,,69,29,24,9,45,15,7,54,11,33,,,,,,,,,,,,,,,,64,7,,,,,,,,,,,,,,,
A0400,,,,,,,69,,,,,,,,,,,,,,,,,,,,,,,,,,,,54,,,,,,,,,,,,,,
A0401,,,,,,,,,36,24,14,,,,,,,,,,,,,,,,,,,,,,76,8,,,,,,,,,,,,,,,
A0402,,,,,,,,,,,,,,,,,,23,14,32,,,13,6,40,,,,,,,,,,,,,,,,,,,,,,,,
A0403,6,40,77,,,,,,,,,,,,62,,,,,,,,,,,,,,,,,,,,,,,,,,,,,,,,29,17,10
A0404,,,,,,,,,,,,,,,,,,,,,,,,,,26,21,11,8,5,26,15,,,,,,,,,,,,,,,,,
A0405,,,76,,,,,92,,,,36,14,8,,,,,,,26,56,,,,28,22,15,7,,,,,,,,,,,,,,,,,,,,
A0406,,,66,5,11,35,,,36,19,13,,,,,,,,,,,,,,,,,,,5,43,18,,,,,,,,,,,,,,,,,
A0407,6,53,,4,8,32,,62,,,,,,,58,,,,,,17,27,,,,,,,,,,,,,,,,,,23,10,16,7,28,26,15,,,
A0408,,,,,,,79,,,,,,,,,,,16,10,26,,,,,,,,,,,,,,,79,14,31,8,23,,,,,,,,,,
A0409,,,67,6,13,38,63,,,,,,,,,,,19,13,32,22,57,,,,,,,,8,55,27,,,,,,,,42,16,22,,,,,,,
A0410,,,,,,,,,,,,,,,,22,54,21,17,34,16,37,,,,,,,,8,38,21,,,,,,,,,,,6,27,21,19,27,22,11
A0411,,,,,,,84,87,42,21,17,,,,63,13,32,,,,,,,,,,,,,7,48,25,,,,,,,,,,,,,,,,,
A0412,,,,,,,80,,31,19,13,,,,83,16,40,24,16,38,,,16,6,52,,,,,,,,,,,,,,,34,13,21,,,,,,,
A0413,,,,5,11,40,,,,,,49,13,7,,,,,,,21,53,,,,26,18,13,7,7,33,26,,,,,,,,,,,,,,,,,
A0414,8,63,,,,,73,,,,,42,12,7,,,,,,,19,38,,,,,,,,,,,,,,,,,,,,,,,,,,,
A0415,,,,,,,,,45,24,16,56,12,7,,18,44,,,,,,,,,27,22,12,8,,,,,,,,,,,,,,,,,,,,
A0416,,,,,,,,,,,,,,,,22,48,,,,,,,,,,,,,,,,,,,13,29,6,22,,,,,,,,,,
A0417,,,,7,14,45,,,,,,36,11,4,58,,,,,,,,14,6,45,,,,,,,,,,,,,,,,,,,,,,,,
A0418,,,,6,11,42,,,30,20,12,,,,,,,,,,29,62,,,,,,,,6,35,18,,,,13,30,7,21,29,10,19,7,22,20,12,,,
A0419,,,,,,,,,,,,,,,,,,27,16,41,,,,,,27,19,13,6,,,,,,,,,,,,,,,,,,,,
A0420,,,,6,11,33,,,34,22,14,49,13,7,61,,,,,,,,15,10,50,25,19,13,5,6,39,14,,,,,,,,,,,,,,,,,
A0421,,,81,8,13,55,,,,,,,,,74,23,59,21,12,35,,,14,7,55,,,,,,,,,,51,,,,,,,,,,,,,,
A0422,,,,,,,,77,,,,,,,51,,,,,,,,,,,,,,,,,,,,,,,,,,,,,,,,,,
A0423,,,,,,,,,,,,,,,,24,57,,,,,,,,,,,,,6,38,16,,,,,,,,,,,,,,,,,
A0424,,,,,,,,,,,,,,,,,,,,,,,,,,,,,,,,,,,54,16,30,7,23,,,,,,,,,,
A0425,,,,,,,,,,,,,,,,26,62,,,,,,,,,,,,,,,,62,5,,,,,,,,,,,,,,,
A0426,,,85,,,,76,,,,,,,,,,,,,,19,45,,,,,,,,7,32,16,,,69,20,34,9,25,,,,,,,,,,
A0427,7,65,,,,,49,,31,18,12,,,,,,,,,,,,,,,,,,,,,,,,,19,32,8,25,,,,,,,,,,
A0428,5,49,,,,,,,,,,,,,,,,,,,,,16,7,64,,,,,,,,,,60,,,,,,,,,,,,,,
A0429,,,,,,,,,,,,,,,,,,,,,22,48,11,4,44,,,,,,,,55,7,63,,,,,,,,,,,,,,
A0430,6,52,,,,,,62,36,19,12,,,,69,,,,,,,,,,,,,,,7,42,18,,,,18,33,9,28,,,,5,30,14,12,,,
A0431,,,,,,,,,,,,,,,,,,,,,,,,,,,,,,4,27,15,81,10,,,,,,,,,,,,,,,
A0432,,,,7,16,47,,,39,26,17,,,,,,,30,20,50,,,,,,34,19,17,8,,,,,,67,,,,,,,,7,30,20,11,,,
A0433,,,,,,,74,58,,,,,,,,26,55,,,,,,,,,26,20,11,7,6,39,18,49,6,,,,,,,,,,,,,29,16,12
A0434,7,74,,,,,,,,,,,,,,,,,,,,,,,,,,,,7,43,18,50,5,,18,39,9,28,,,,,,,,32,16,12
A0435,,,,,,,65,,,,,,,,,,,22,14,30,,,,,,,,,,,,,,,66,,,,,,,,,,,,28,15,14
A0436,6,57,80,,,,83,,,,,48,13,7,,,,30,20,43,,,,,,,,,,,,,,,56,,,,,,,,6,23,17,12,,,
A0437,,,,,,,,85,,,,40,14,7,,,,21,13,38,,,,,,,,,,,,,,,70,,,,,27,10,16,,,,,27,19,14
A0438,6,39,,,,,,,35,18,13,,,,,,,,,,,,13,7,44,,,,,,,,,,,12,28,8,21,,,,,,,,,,
A0439,,,,,,,,,41,22,14,,,,,25,60,,,,,,,,,,,,,,,,,,78,16,29,7,21,44,13,24,,,,,,,
A0440,,,72,6,12,44,79,,,,,,,,,20,45,,,,,,,,,,,,,7,35,15,,,,,,,,,,,,,,,,,
A0441,7,53,,5,11,43,,,27,19,15,43,10,5,,,,22,17,41,,,,,,,,,,6,37,22,,,,16,31,6,22,,,,,,,,,,
A0442,5,54,,,,,,,,,,,,,64,,,17,9,26,24,48,,,,,,,,,,,73,9,,,,,,30,12,23,,,,,,,
A0443,,,,,,,,63,,,,49,11,6,,,,,,,,,,,,,,,,,,,,,,,,,,,,,,,,,,,
A0444,,,51,6,11,40,,,,,,,,,,,,,,,,,13,7,52,,,,,8,47,27,52,5,,,,,,35,12,22,,,,,,,
A0445,,,82,,,,71,81,,,,,,,60,,,,,,,,,,,,,,,6,34,18,,,,,,,,,,,8,28,24,15,15,12,12
A0446,,,,,,,63,73,,,,,,,,,,,,,,,,,,27,19,12,5,,,,,,72,,,,,,,,,,,,,,
A0447,5,46,,,,,84,,34,20,15,,,,65,21,45,,,,20,49,,,,,,,,,,,,,,13,28,7,22,,,,,,,,,,
A0448,8,50,,,,,,,,,,,,,,,,,,,,,,,,31,23,15,6,,,,,,73,,,,,,,,,,,,31,21,14
A0449,6,41,,,,,,,,,,36,13,6,,,,,,,18,35,,,,29,20,14,8,5,29,15,,,,14,27,6,23,,,,,,,,,,
A0450,6,48,83,,,,,,,,,,,,,23,51,,,,,,11,6,42,,,,,,,,,,,,,,,28,12,20,,,,,27,21,11
A0451,,,64,,,,,67,41,22,16,,,,,,,,,,,,,,,,,,,,,,,,,,,,,,,,,,,,,,
A0452,5,57,61,,,,,,,,,,,,,,,,,,,,15,8,52,,,,,,,,,,,,,,,37,13,18,,,,,,,
A0453,4,28,,,,,,,34,18,12,,,,,,,23,18,40,,,15,8,60,,,,,,,,,,79,,,,,,,,,,,,,,
A0454,,,,,,,,,,,,,,,48,,,,,,,,,,,,,,,,,,,,,,,,,,,,5,22,13,11,,,
A0455,,,,,,,,,,,,59,16,9,59,23,48,25,16,40,19,56,,,,,,,,,,,,,,,,,,,,,,,,,,,
A0456,,,,,,,,,,,,,,,48,,,,,,,,,,,,,,,6,42,21,,,,,,,,29,11,16,,,,,,,
A0457,4,39,,,,,,,36,20,11,,,,,,,,,,,,,,,,,,,,,,73,8,,,,,,,,,,,,,,,
A0458,,,,,,,,72,,,,,,,65,,,,,,,,11,6,45,21,18,9,6,4,20,15,,,,,,,,,,,,,,,,,
A0459,6,45,,5,10,30,,89,,,,,,,,,,,,,19,56,15,7,51,,,,,,,,,,,13,25,7,16,,,,,,,,,,
A0460,,,75,,,,73,,32,19,13,,,,,,,25,17,42,20,54,16,8,55,,,,,,,,,,,,,,,,,,,,,,,,
A0461,,,,,,,,,,,,54,16,7,,,,,,,,,17,6,51,,,,,,,,,,,,,,,,,,,,,,,,
A0462,,,,4,10,30,,73,,,,,,,,21,50,,,,,,,,,,,,,,,,,,62,,,,,,,,6,24,21,12,,,
A0463,6,44,67,,,,,,,,,52,14,6,,,,,,,,,,,,,,,,,,,,,,,,,,37,12,20,,,,,,,
A0464,,,56,,,,,,36,16,12,38,13,7,,,,,,,,,,,,,,,,5,31,17,,,,,,,,29,10,17,,,,,,,
A0465,,,,,,,66,,,,,,,,73,,,,,,18,44,,,,,,,,6,26,15,89,10,,,,,,,,,,,,,,,
A0466,,,,,,,,,,,,,,,,22,53,,,,21,55,,,,19,14,10,5,7,44,17,,,50,,,,,,,,,,,,28,14,9
A0467,,,70,5,9,36,,,,,,,,,,,,,,,,,,,,,,,,,,,,,,13,33,7,20,37,16,19,,,,,,,
A0468,,,,,,,,,29,19,12,,,,,,,21,15,36,,,,,,,,,,,,,,,,,,,,,,,,,,,,,
A0469,,,,4,7,31,,,,,,,,,,,,,,,,,,,,,,,,,,,,,,15,30,7,21,,,,8,29,22,15,33,16,14
A0470,,,,5,11,32,,,,,,,,,54,,,,,,,,,,,,,,,6,40,23,,,,,,,,,,,,,,,36,22,15
A0471,,,71,7,12,52,62,70,,,,,,,,,,25,14,41,24,47,,,,,,,,,,,,,,,,,,,,,,,,,,,
A0472,,,,,,,,,,,,41,12,6,,17,45,,,,,,,,,,,,,,,,,,,,,,,,,,,,,,,,
A0473,,,,,,,56,,,,,,,,,,,,,,,,,,,,,,,5,30,16,,,,,,,,,,,,,,,,,
A0474,,,,,,,,,,,,,,,,,,,,,,,,,,,,,,6,41,14,,,60,,,,,,,,,,,,,,
A0475,,,,,,,,,,,,,,,,19,46,,,,22,55,15,8,46,,,,,,,,,,,16,31,5,19,,,,,,,,,,
A0476,4,41,,,,,,79,43,26,15,,,,,,,,,,21,51,,,,,,,,6,31,15,,,,,,,,,,,,,,,,,
A0477,,,,,,,,,,,,,,,,22,56,26,18,44,,,15,8,48,18,14,12,5,,,,,,,,,,,,,,5,23,19,12,,,
A0478,4,54,,,,,,89,35,26,15,,,,,,,,,,,,,,,,,,,,,,,,76,,,,,32,11,17,,,,,40,24,13
A0479,,,,,,,,57,,,,,,,,,,,,,,,,,,,,,,5,31,18,57,4,,,,,,36,12,22,,,,,,,
A0480,5,49,,,,,,,,,,38,14,5,,,,,,,,,,,,,,,,,,,60,7,,,,,,,,,,,,,,,
A0481,5,59,70,,,,,,,,,,,,,24,59,27,18,42,20,40,,,,,,,,,,,,,93,,,,,,,,,,,,25,17,12
A0482,7,69,,,,,,,36,23,15,,,,,20,51,,,,21,44,12,6,37,,,,,,,,,,,,,,,,,,5,23,17,10,24,16,11
A0483,8,68,,,,,,,39,23,18,44,13,6,73,,,,,,,,16,8,53,,,,,,,,,,,,,,,,,,,,,,38,23,15
A0484,,,83,5,9,40,,,39,26,18,,,,,14,41,,,,,,,,,29,27,13,7,,,,54,6,,13,30,8,27,,,,,,,,,,
A0485,,,,,,,,,,,,,,,,,,,,,24,50,,,,,,,,6,47,21,,,78,,,,,,,,,,,,,,
A0486,,,,,,,,,32,18,11,,,,68,21,51,,,,,,11,5,42,28,26,13,8,5,31,17,,,70,,,,,,,,,,,,,,
A0487,,,,,,,,,,,,,,,,,,,,,,,15,8,60,31,23,14,6,,,,63,7,,,,,,,,,,,,,,,
A0488,,,,,,,47,,,,,,,,,,,,,,,,,,,25,21,11,7,,,,,,46,,,,,23,12,18,,,,,,,
A0489,,,,,,,,,,,,,,,,,,,,,,,10,4,52,,,,,,,,,,71,,,,,,,,,,,,,,
A0490,,,,,,,,,,,,,,,,,,,,,,,,,,29,24,13,8,,,,,,,,,,,,,,,,,,38,18,14
A0491,,,70,,,,,,37,26,13,,,,,26,65,,,,,,,,,,,,,7,43,21,,,82,,,,,,,,,,,,,,
A0492,,,,,,,79,,,,,,,,,17,37,,,,,,,,,,,,,5,38,18,50,7,,,,,,,,,,,,,,,
A0493,,,,,,,,,,,,50,13,7,,,,,,,,,,,,,,,,5,35,17,63,7,,14,37,8,23,,,,,,,,,,
A0494,,,76,,,,,,,,,,,,68,,,,,,,,,,,25,22,11,6,,,,,,,,,,,37,15,17,,,,,,,
A0495,,,,6,13,38,,,,,,,,,,,,,,,21,55,,,,,,,,,,,,,,,,,,,,,,,,,,,
A0496,7,44,,5,11,48,,,34,24,13,,,,,23,49,,,,,,,,,28,18,14,7,,,,,,,,,,,,,,,,,,,,
A0497,6,60,,,,,,,,,,38,9,7,,23,55,23,14,41,,,,,,22,17,13,5,7,38,15,,,,,,,,35,13,23,,,,,,,
A0498,,,,,,,,,,,,,,,,,,,,,,,,,,,,,,,,,,,62,,,,,31,11,17,,,,,,,
A0499,,,,,,,,,34,15,15,,,,,,,,,,,,,,,,,,,,,,,,,,,,,,,,7,27,22,11,34,21,13
A0500,,,,,,,74,,,,,,,,,,,19,13,33,,,,,,,,,,,,,,,,,,,,,,,6,25,22,14,,,
A0501,,,,,,,,,,,,32,12,7,45,,,,,,19,51,,,,31,27,18,8,8,48,21,,,,14,33,8,23,35,16,24,,,,,,,
A0502,6,70,,,,,,,,,,,,,,,,,,,,,12,7,46,,,,,,,,,,,,,,,,,,,,,,,,
A0503,4,35,,7,13,45,,81,,,,52,16,7,,,,28,16,50,28,57,,,,,,,,,,,76,10,,,,,,,,,,,,,,,
A0504,7,59,,,,,63,,,,,,,,71,,,,,,,,,,,,,,,6,32,14,77,8,,,,,,28,10,21,,,,,25,16,11
A0505,,,,,,,,,,,,,,,,,,,,,,,,,,,,,,,,,51,6,73,,,,,,,,,,,,,,
A0506,,,,,,,,79,,,,,,,,,,,,,,,,,,,,,,,,,,,,,,,,,,,,,,,34,16,12
A0507,,,,,,,,77,,,,,,,,,,22,15,34,,,,,,,,,,,,,53,6,58,,,,,,,,,,,,,,
A0508,,,,6,10,48,,,38,23,16,,,,,,,,,,16,37,14,8,56,27,17,11,6,,,,,,62,12,23,6,22,,,,,,,,,,
A0509,,,,,,,,,,,,,,,,22,41,,,,,,,,,,,,,,,,,,,,,,,29,12,15,,,,,,,
A0510,6,55,,,,,,,37,21,12,,,,70,,,24,16,46,,,,,,,,,,,,,63,7,,,,,,,,,8,29,23,14,40,25,16
A0511,7,73,,,,,,,,,,46,11,6,,27,60,,,,,,,,,,,,,,,,62,7,,,,,,,,,6,26,22,13,,,
A0512,,,,5,8,37,,,34,20,15,,,,,,,,,,,,,,,,,,,7,43,19,,,,,,,,,,,,,,,,,
A0513,,,,,,,75,64,36,23,14,56,13,8,,,,,,,25,37,,,,,,,,,,,,,,,,,,,,,7,28,20,11,,,
A0514,5,45,66,,,,,,,,,,,,,,,,,,,,14,6,44,25,19,11,6,5,38,15,,,,,,,,,,,,,,,,,
A0515,,,90,,,,,,,,,,,,,,,,,,,,16,8,56,28,17,12,6,,,,73,7,63,,,,,,,,6,25,22,14,33,19,12
A0516,,,,4,10,46,,74,,,,,,,,,,,,,,,,,,,,,,,,,,,,,,,,,,,,,,,,,
A0517,,,,,,,,,,,,,,,53,,,,,,,,18,8,61,,,,,,,,64,6,,,,,,,,,,,,,32,19,10
A0518,,,,,,,,,,,,,,,,,,,,,18,56,,,,,,,,,,,,,,14,24,6,19,,,,,,,,,,
A0519,,,,,,,,,,,,,,,,,,,,,,,,,,,,,,,,,58,5,,,,,,,,,5,20,19,10,,,
A0520,,,,,,,,,35,25,15,,,,,,,,,,,,,,,,,,,,,,,,,,,,,,,,5,20,15,10,,,
A0521,,,,,,,,65,,,,,,,47,19,61,,,,21,50,,,,,,,,,,,74,8,,,,,,,,,,,,,,,
A0522,,,,,,,,,,,,,,,,,,,,,23,45,,,,,,,,,,,,,,,,,,,,,,,,,33,20,12
A0523,,,,,,,,100,,,,,,,,,,,,,,,,,,,,,,,,,80,9,,,,,,,,,,,,,,,
A0524,,,,,,,49,,,,,44,12,7,,,,,,,,,,,,27,20,13,7,,,,,,,,,,,,,,,,,,,,
A0525,,,,,,,,,,,,,,,,,,,,,,,17,8,53,,,,,,,,,,,13,26,6,18,,,,,,,,,,
A0526,6,49,,6,12,40,,76,,,,,,,65,,,24,14,48,,,,,,25,19,13,6,,,,,,44,,,,,,,,,,,,,,
A0527,5,54,,,,,,,,,,48,10,7,,,,,,,,,,,,,,,,,,,,,69,,,,,,,,,,,,,,
A0528,,,73,,,,,,43,22,17,,,,,,,,,,,,,,,18,14,7,5,,,,,,,16,32,7,26,32,14,20,,,,,,,
A0529,,,,6,14,47,,76,,,,44,13,6,49,,,,,,,,,,,28,20,15,7,,,,,,,,,,,35,11,20,7,29,21,14,,,
A0530,,,,,,,,,27,17,13,,,,60,,,,,,,,,,,,,,,,,,,,,,,,,,,,,,,,,,
A0531,,,,,,,,,,,,,,,,15,57,,,,,,,,,,,,,,,,53,5,,,,,,36,15,17,,,,,,,
A0532,,,,7,11,47,,,,,,,,,,23,53,,,,,,18,10,66,,,,,,,,,,,15,28,7,26,,,,,,,,,,
A0533,3,49,,,,,,69,,,,39,13,6,47,,,,,,,,16,6,36,,,,,,,,,,,,,,,,,,,,,,31,17,14
A0534,,,,,,,,,,,,,,,,,,24,14,37,,,,,,22,20,11,7,,,,,,,,,,,,,,,,,,,,
A0535,,,83,8,18,57,,,,,,,,,,,,,,,,,,,,,,,,,,,,,,,,,,,,,,,,,29,17,12
A0536,,,,6,12,32,,71,,,,,,,72,16,46,,,,,,,,,,,,,,,,,,,,,,,,,,,,,,,,
A0537,,,100,,,,81,68,,,,,,,,,,28,13,42,,,,,,21,14,14,5,,,,70,7,,,,,,,,,,,,,19,12,7
A0538,,,,,,,64,,,,,49,13,7,,15,35,,,,17,48,,,,,,,,,,,,,55,,,,,30,10,14,6,24,21,13,,,
A0539,,,,,,,,,,,,,,,,,,,,,,,14,9,57,,,,,7,39,23,,,,,,,,,,,6,23,17,9,,,
A0540,7,59,,,,,63,,,,,,,,,,,18,15,25,,,,,,,,,,8,54,27,,,,,,,,,,,,,,,,,
A0541,,,,,,,,,33,23,13,,,,,,,,,,24,45,17,7,52,28,19,12,8,6,36,18,,,67,,,,,,,,,,,,,,
A0542,,,,,,,,,41,27,16,,,,,,,24,17,48,,,,,,25,21,13,7,,,,,,,,,,,28,14,20,7,26,17,14,25,16,10
A0543,,,,,,,,57,,,,49,12,6,,,,,,,,,,,,,,,,,,,68,8,,,,,,,,,,,,,,,
A0544,,,,,,,,,,,,,,,,21,64,,,,,,17,8,56,,,,,6,46,15,,,,,,,,,,,5,29,21,13,33,15,8
A0545,,,62,,,,,,,,,,,,,20,48,,,,,,,,,,,,,,,,63,8,,,,,,,,,,,,,,,
A0546,,,,5,9,34,,87,,,,,,,,22,45,22,15,33,,,12,5,31,,,,,,,,,,,,,,,,,,7,25,17,13,25,16,12
A0547,7,67,,,,,,,30,15,9,44,11,7,62,,,,,,22,44,,,,,,,,,,,,,,,,,,34,14,20,8,32,24,16,,,
A0548,8,70,80,,,,75,,28,13,12,,,,,24,59,,,,,,16,6,46,,,,,,,,,,,,,,,,,,,,,,,,
A0549,6,56,86,,,,70,85,,,,,,,,,,,,,,,,,,19,18,8,6,,,,77,8,,,,,,,,,,,,,,,
A0550,,,62,,,,,,,,,53,11,7,,,,,,,,,12,5,42,18,11,11,5,,,,,,,,,,,28,11,19,,,,,,,
A0551,,,,8,13,44,,,,,,,,,,,,,,,,,,,,29,19,14,6,9,46,26,,,52,,,,,,,,,,,,33,16,9
A0552,,,63,,,,,,24,20,12,,,,,19,68,,,,,,,,,,,,,8,42,26,,,,14,26,7,22,30,13,18,,,,,,,
A0553,,,74,,,,,53,,,,,,,69,20,42,,,,,,,,,,,,,,,,,,,,,,,,,,5,22,20,10,,,
A0554,8,72,69,,,,,76,,,,,,,,,,,,,21,52,,,,30,22,14,7,,,,40,4,,,,,,,,,,,,,,,
A0555,,,,,,,,,,,,,,,,,,,,,,,,,,,,,,,,,,,69,,,,,28,12,18,,,,,,,
A0556,,,,5,13,39,,,,,,,,,63,,,,,,,,15,7,54,,,,,6,35,19,72,8,,14,21,6,16,,,,,,,,27,16,8
A0557,,,,,,,,89,,,,,,,,,,,,,22,44,,,,,,,,,,,,,,,,,,30,14,19,,,,,,,
A0558,4,43,,,,,,,,,,,,,,,,,,,,,,,,26,22,12,6,,,,,,,,,,,,,,,,,,18,18,9
A0559,,,,,,,,,,,,,,,43,23,48,,,,,,9,5,40,,,,,,,,68,8,52,,,,,,,,,,,,,,
A0560,,,,,,,,80,,,,54,15,9,55,,,,,,,,14,7,51,23,18,14,6,,,,,,60,,,,,,,,,,,,,,
A0561,,,,,,,68,,,,,,,,,,,,,,,,,,,,,,,,,,,,53,,,,,24,9,15,,,,,,,
A0562,7,63,,,,,,,30,18,12,32,9,4,,,,,,,,,,,,,,,,8,50,25,58,7,66,,,,,,,,,,,,,,
A0563,,,,7,13,50,,73,39,22,15,32,12,6,,,,20,15,43,,,17,9,54,,,,,,,,,,,,,,,27,10,15,,,,,,,
A0564,,,,3,9,40,,,,,,,,,,,,,,,26,51,17,8,53,,,,,,,,,,65,,,,,41,15,25,,,,,32,16,11
A0565,,,,,,,,,,,,,,,,,,,,,23,44,,,,,,,,,,,,,67,,,,,,,,,,,,,,
A0566,,,55,6,10,41,,60,,,,,,,,,,25,17,37,19,44,,,,,,,,7,44,20,73,7,,,,,,,,,,,,,,,
A0567,6,57,91,,,,73,77,,,,,,,75,,,,,,,,,,,,,,,,,,,,,,,,,,,,,,,,24,15,14
A0568,,,86,,,,71,69,,,,58,14,6,,,,,,,,,13,6,41,,,,,,,,53,6,,,,,,,,,,,,,29,15,13
A0569,,,,6,14,39,75,,,,,45,12,7,,,,,,,,,,,,,,,,,,,,,,11,26,6,14,,,,7,22,20,15,26,18,12
A0570,,,,6,14,47,,,,,,,,,,18,45,,,,18,48,11,6,44,,,,,7,29,16,,,,,,,,34,15,22,,,,,25,19,11
A0571,5,47,,,,,,65,40,22,19,,,,,,,,,,,,,,,,,,,7,44,22,,,,,,,,,,,,,,,,,
A0572,,,73,,,,,,37,24,13,,,,,,,,,,,,11,6,46,,,,,6,37,22,,,65,,,,,,,,,,,,,,
A0573,4,38,,4,13,35,,81,,,,,,,50,,,,,,,,15,8,46,,,,,,,,,,67,,,,,,,,,,,,18,13,10
A0574,,,,,,,74,79,,,,,,,,,,,,,,,,,,29,20,11,7,,,,,,,13,26,6,21,,,,,,,,,,
A0575,,,,,,,,66,,,,,,,,,,,,,,,15,5,45,,,,,,,,,,70,,,,,30,11,20,,,,,,,
A0576,7,54,,,,,,65,,,,,,,62,,,24,17,45,,,,,,19,20,14,7,5,31,14,,,,,,,,,,,,,,,,,
A0577,,,,,,,,66,,,,,,,,,,,,,,,12,8,50,,,,,,,,,,57,,,,,31,15,17,,,,,,,
A0578,,,82,8,15,45,,51,,,,,,,,,,,,,,,,,,,,,,,,,,,64,11,24,6,17,31,14,18,,,,,28,18,13
A0579,,,68,,,,64,,,,,,,,76,,,,,,,,,,,30,20,15,9,,,,,,75,,,,,29,11,17,,,,,26,19,12
A0580,,,,,,,,,,,,,,,,,,27,17,47,,,,,,,,,,,,,,,,,,,,,,,,,,,30,20,10
A0581,8,75,,,,,,,,,,42,11,5,,,,,,,,,,,,28,23,16,7,,,,57,8,,12,26,8,18,,,,,,,,,,
A0582,,,,,,,,,,,,40,13,6,,,,,,,21,50,,,,29,18,14,7,,,,,,36,,,,,,,,,,,,,,
A0583,,,,,,,,,,,,,,,,,,21,17,40,,,,,,,,,,,,,65,8,,,,,,,,,,,,,,,
A0584,,,,,,,,,,,,,,,,18,48,,,,,,,,,,,,,7,42,24,,,,,,,,,,,,,,,,,
A0585,5,60,61,,,,51,,39,17,14,,,,,,,,,,,,14,8,53,,,,,,,,,,51,,,,,,,,,,,,32,19,12
A0586,7,65,,,,,,,,,,51,15,7,,22,46,,,,,,,,,,,,,,,,,,,,,,,,,,7,25,22,12,34,22,11
A0587,,,,,,,,,43,23,16,,,,,,,,,,,,12,7,37,22,21,12,6,6,43,20,,,,,,,,,,,,,,,,,
A0588,,,61,,,,,76,34,19,13,46,13,6,,,,,,,,,,,,19,19,10,6,7,40,20,,,,,,,,,,,7,30,19,14,,,
A0589,5,54,76,,,,76,69,,,,,,,,,,,,,,,,,,,,,,,,,59,7,83,14,31,7,20,,,,,,,,,,
A0590,,,48,,,,,,,,,,,,,,,,,,,,,,,,,,,5,27,17,,,59,,,,,,,,7,30,21,11,,,
A0591,,,80,,,,,,,,,,,,,,,,,,,,,,,32,26,17,9,,,,,,,,,,,,,,,,,,,,
A0592,,,66,,,,,,,,,,,,44,,,,,,24,56,,,,,,,,,,,,,83,,,,,,,,,,,,,,
A0593,,,,5,13,36,,,34,21,13,,,,,24,60,,,,,,,,,,,,,,,,72,8,,18,33,8,27,,,,,,,,,,
A0594,,,78,,,,,,26,16,12,,,,77,,,17,14,37,17,48,,,,,,,,,,,,,,,,,,,,,,,,,,,
A0595,5,30,,,,,85,70,,,,,,,,,,,,,,,13,6,44,,,,,6,40,20,,,80,,,,,32,14,22,,,,,,,
A0596,6,58,,,,,,,,,,,,,,,,,,,,,16,6,50,27,19,13,6,,,,,,,,,,,,,,,,,,,,
A0597,,,,,,,,,27,18,13,,,,,,,,,,,,,,,23,16,14,7,,,,,,,,,,,,,,,,,,,,
A0598,,,,,,,,,42,24,17,,,,,,,,,,,,,,,,,,,,,,,,,,,,,,,,8,28,18,13,,,
A0599,,,,,,,,66,,,,,,,68,,,,,,,,,,,15,17,10,6,,,,63,8,,,,,,,,,,,,,,,
A0600,,,60,,,,,,,,,,,,,23,60,,,,,,17,7,54,,,,,,,,,,,,,,,,,,,,,,,,
A0601,,,,,,,,77,,,,,,,,,,,,,18,48,,,,,,,,,,,,,91,,,,,28,13,17,8,28,25,14,,,
A0602,,,,,,,,76,,,,40,13,5,,19,55,,,,,,,,,,,,,7,43,21,,,,,,,,,,,,,,,36,19,15
A0603,,,,,,,,70,,,,,,,,19,43,23,15,34,15,32,,,,,,,,,,,41,6,85,,,,,,,,6,22,18,12,,,
A0604,,,75,7,16,56,,,,,,,,,,,,,,,,,,,,,,,,,,,,,,,,,,,,,,,,,,,
A0605,6,54,61,,,,76,71,,,,,,,,21,56,,,,21,47,,,,,,,,,,,,,,,,,,,,,,,,,,,
A0606,,,,,,,,,,,,,,,,22,51,,,,,,,,,,,,,,,,,,,,,,,,,,6,27,19,13,,,
A0607,,,,6,14,41,60,,,,,39,12,6,49,,,,,,,,,,,,,,,6,29,15,,,,,,,,,,,,,,,,,
A0608,,,,6,10,28,71,,37,21,15,42,11,6,,,,,,,,,,,,25,19,10,4,,,,,,,,,,,35,12,18,7,27,18,14,,,
A0609,,,,,,,,,,,,,,,,,,,,,,,13,7,46,30,22,14,7,,,,,,,,,,,,,,,,,,,,
A0610,,,,,,,,,,,,,,,66,,,24,12,35,,,,,,,,,,7,35,16,,,,,,,,,,,,,,,,,
A0611,6,50,,,,,,,,,,41,14,6,50,,,,,,,,,,,,,,,,,,,,,,,,,,,,,,,,,,
A0612,5,42,,,,,,,40,16,13,,,,58,,,,,,22,64,,,,33,28,16,8,,,,,,,,,,,,,,,,,,26,15,8
A0613,,,,,,,,,,,,,,,,,,,,,,,,,,20,18,9,6,,,,52,7,,17,29,8,22,42,13,19,,,,,34,18,14
A0614,,,,,,,,,,,,39,12,7,,,,,,,,,,,,,,,,6,39,17,,,,,,,,,,,,,,,,,
A0615,,,,,,,,,,,,,,,,21,55,,,,,,,,,28,21,14,8,,,,69,9,82,14,34,7,21,,,,,,,,,,
A0616,,,,,,,,,,,,,,,,,,,,,26,55,19,9,70,,,,,,,,,,,,,,,,,,,,,,,,
A0617,,,,,,,,,,,,,,,,,,,,,,,,,,27,16,14,5,,,,59,8,,,,,,,,,,,,,,,
A0618,,,65,6,13,42,,69,,,,,,,,,,,,,,,,,,,,,,,,,55,7,,14,26,7,20,26,9,16,,,,,,,
A0619,,,91,,,,,,37,25,16,,,,,,,,,,,,,,,,,,,,,,,,,,,,,,,,,,,,,,
A0620,,,,,,,,,,,,,,,,22,58,,,,19,44,18,8,51,,,,,,,,,,73,,,,,,,,,,,,29,21,10
A0621,,,,,,,76,77,,,,,,,50,22,46,,,,,,,,,,,,,,,,,,,,,,,,,,,,,,,,
A0622,,,,6,11,46,,,36,19,15,,,,49,,,15,11,26,,,,,,,,,,,,,,,,,,,,,,,,,,,,,
A0623,,,,,,,,,,,,53,15,7,66,,,,,,,,,,,23,19,16,8,6,40,20,,,,,,,,,,,7,26,20,12,,,
A0624,,,67,8,17,49,,55,36,20,13,,,,,,,,,,,,15,5,43,,,,,,,,73,8,,,,,,,,,4,22,17,7,,,
A0625,,,,,,,,76,30,21,12,,,,,,,23,16,46,17,36,17,8,56,,,,,,,,63,7,73,,,,,,,,,,,,,,
A0626,8,70,,,,,,,,,,49,12,6,,,,21,14,35,17,40,,,,,,,,,,,,,47,,,,,31,11,17,6,26,25,11,,,
A0627,,,82,,,,,,27,16,8,53,13,7,,,,,,,,,,,,,,,,6,38,18,,,,,,,,,,,,,,,,,
A0628,,,83,,,,,,,,,45,13,5,,,,,,,,,16,9,46,,,,,6,33,13,65,5,,,,,,,,,,,,,23,14,12
A0629,5,58,,,,,,,,,,,,,41,26,51,,,,,,,,,28,21,14,6,,,,,,,12,24,5,18,,,,,,,,34,28,16
A0630,7,75,,,,,,,29,16,10,53,16,9,,,,,,,22,52,,,,,,,,,,,,,,,,,,29,10,14,,,,,,,
A0631,6,62,,,,,87,,,,,,,,70,,,,,,,,,,,,,,,,,,,,,,,,,,,,,,,,,,
A0632,,,,7,15,49,81,,,,,,,,,18,43,,,,,,16,8,62,22,20,11,7,,,,,,72,,,,,,,,,,,,,,
A0633,,,,,,,,,32,16,15,43,15,7,,,,,,,,,,,,24,19,16,7,,,,,,52,,,,,,,,7,28,21,14,40,22,14
A0634,,,,,,,,93,,,,,,,,,,,,,,,,,,,,,,,,,,,,,,,,,,,6,27,17,13,,,
A0635,,,,,,,,,,,,,,,,,,26,16,37,,,,,,,,,,7,39,20,,,,,,,,33,13,22,,,,,,,
A0636,7,55,,,,,,,,,,,,,,,,25,16,36,,,,,,,,,,7,46,20,,,,,,,,40,17,24,,,,,,,
A0637,,,78,5,14,44,,,,,,,,,,,,20,15,35,,,,,,,,,,,,,,,,16,37,7,24,33,10,21,,,,,40,21,12
A0638,8,67,,,,,,,,,,,,,,,,,,,,,,,,,,,,,,,,,66,,,,,,,,,,,,,,
A0639,,,62,,,,57,,,,,36,10,6,81,,,,,,,,,,,,,,,,,,,,71,,,,,36,17,24,,,,,38,22,13
A0640,5,46,85,,,,,62,,,,,,,48,,,,,,,,13,7,59,,,,,,,,,,,15,30,8,25,,,,,,,,26,15,12
A0641,,,,,,,,,,,,52,13,7,76,,,,,,,,,,,,,,,,,,,,85,,,,,22,10,16,,,,,,,
A0642,,,,,,,,,,,,,,,,,,,,,,,,,,,,,,,,,,,77,15,33,8,28,,,,,,,,,,
A0643,,,,,,,,,35,22,16,,,,38,,,,,,,,,,,,,,,,,,78,7,87,,,,,,,,,,,,,,
A0644,5,43,,4,9,28,69,,,,,,,,,,,,,,,,,,,26,21,14,5,,,,,,,,,,,,,,,,,,,,
A0645,8,57,,,,,,,,,,42,12,6,,,,,,,19,49,,,,,,,,,,,,,61,,,,,,,,7,31,20,12,,,
A0646,,,,,,,,,,,,,,,,,,,,,19,44,,,,,,,,,,,,,59,,,,,41,14,20,,,,,,,
A0647,,,,,,,,77,24,17,10,49,19,9,72,,,,,,,,,,,,,,,,,,68,7,,14,29,8,21,,,,,,,,,,
A0648,,,,5,12,36,79,,,,,46,14,7,,,,,,,19,48,,,,,,,,6,28,19,,,,,,,,,,,,,,,,,
A0649,,,,,,,,97,,,,38,11,6,,,,27,17,39,,,,,,,,,,,,,,,,,,,,,,,,,,,,,
A0650,,,,,,,,,34,21,13,,,,,,,,,,,,,,,,,,,,,,,,65,,,,,,,,,,,,,,
A0651,,,,,,,,81,,,,,,,,,,,,,,,,,,,,,,6,34,19,,,,,,,,,,,,,,,,,
A0652,,,,,,,,,45,21,17,55,14,7,45,,,,,,22,45,,,,,,,,,,,71,7,,,,,,,,,6,23,15,11,,,
A0653,,,80,5,13,42,,79,39,19,14,,,,72,,,,,,,,,,,27,22,12,7,,,,,,,15,28,7,21,,,,,,,,,,
A0654,7,50,89,,,,,,,,,,,,,21,40,,,,21,58,,,,25,16,10,7,,,,,,62,,,,,24,6,15,,,,,,,
A0655,,,,7,15,50,,,40,26,16,,,,,24,65,27,19,39,,,,,,,,,,5,26,17,,,,,,,,34,12,20,,,,,24,17,13
A0656,,,,,,,,,,,,,,,60,,,,,,19,44,13,6,46,,,,,,,,,,,14,30,7,21,,,,,,,,,,
A0657,,,71,,,,55,,,,,,,,,22,63,,,,,,,,,32,24,19,9,,,,,,,,,,,,,,,,,,,,
A0658,,,,6,12,34,,,,,,,,,,,,,,,,,,,,20,17,11,6,,,,,,,16,34,8,21,,,,,,,,,,
A0659,,,,,,,76,78,,,,38,10,5,,,,25,20,45,,,,,,29,21,12,7,5,42,19,,,,19,37,9,29,,,,,,,,,,
A0660,,,,,,,62,,,,,,,,59,,,,,,,,,,,,,,,,,,,,,,,,,,,,,,,,,,
A0661,,,79,,,,,,,,,,,,,,,,,,28,70,,,,,,,,,,,76,9,,,,,,,,,,,,,,,
A0662,,,,,,,72,,,,,,,,,,,,,,14,44,,,,29,25,16,7,,,,,,,,,,,,,,5,26,18,12,,,
A0663,,,54,,,,,,,,,,,,,,,,,,,,,,,,,,,6,27,21,,,,,,,,,,,,,,,,,
A0664,8,59,,,,,,,,,,,,,,,,,,,,,,,,,,,,7,42,21,,,,16,30,8,24,39,15,23,,,,,26,16,10
A0665,,,68,5,10,34,,72,,,,,,,,,,23,17,44,,,,,,,,,,,,,,,,,,,,,,,,,,,,,
A0666,,,,8,9,48,59,90,35,23,15,56,14,7,79,,,,,,,,,,,,,,,,,,,,,11,26,8,21,,,,,,,,,,
A0667,,,94,,,,,,,,,41,10,7,,,,,,,,,,,,,,,,,,,,,,,,,,,,,,,,,,,
A0668,,,,5,12,43,58,,35,22,15,43,12,7,,,,,,,19,39,,,,,,,,,,,,,,,,,,,,,,,,,,,
A0669,,,,,,,,,,,,,,,,,,,,,,,,,,,,,,,,,68,7,,15,26,7,26,,,,,,,,,,
A0670,,,66,,,,63,,,,,,,,,,,,,,,,13,7,62,,,,,,,,58,7,,13,27,7,23,,,,,,,,27,18,13
A0671,,,,6,13,40,,,,,,,,,,,,,,,,,,,,,,,,,,,72,7,,16,30,7,22,24,12,14,,,,,,,
A0672,,,,,,,,62,,,,,,,,,,23,17,45,,,,,,,,,,3,23,14,,,,,,,,,,,,,,,,,
A0673,,,,,,,,,,,,,,,68,,,25,17,42,,,,,,,,,,,,,,,,,,,,24,11,17,,,,,,,
A0674,,,,,,,,,,,,,,,,,,,,,,,13,6,50,,,,,7,41,18,,,,,,,,,,,,,,,,,
A0675,,,,,,,,58,,,,,,,,22,38,,,,,,,,,,,,,5,34,15,,,,,,,,32,12,15,,,,,,,
A0676,,,,,,,74,,,,,,,,,21,51,,,,19,40,,,,,,,,,,,,,,,,,,,,,6,29,23,13,,,
A0677,,,67,8,16,57,64,,,,,,,,,,,,,,,,,,,29,20,14,7,6,35,19,,,,,,,,,,,,,,,37,21,11
A0678,,,63,,,,70,88,,,,,,,,,,,,,,,13,7,54,,,,,5,31,22,54,7,,,,,,,,,,,,,,,
A0679,6,54,54,7,16,49,,,39,23,16,,,,,20,45,,,,,,,,,,,,,,,,,,,,,,,,,,,,,,,,
A0680,,,,,,,,,26,19,14,,,,,,,,,,,,,,,,,,,,,,,,,,,,,,,,,,,,36,20,14
A0681,,,,,,,,,,,,41,15,7,,,,,,,,,,,,,,,,,,,,,,,,,,,,,,,,,25,16,13
A0682,,,75,,,,64,,,,,,,,,,,,,,,,,,,,,,,7,43,18,,,,16,40,9,27,,,,,,,,,,
A0683,,,,7,9,43,,,37,22,15,,,,,,,,,,,,,,,,,,,,,,,,,,,,,,,,,,,,,,
A0684,,,,,,,,,,,,,,,61,,,,,,,,,,,,,,,8,46,23,62,7,44,15,31,8,22,28,12,16,8,32,24,16,,,
A0685,,,,,,,,,,,,,,,,,,,,,,,13,7,50,34,24,19,8,,,,,,,,,,,,,,,,,,,,
A0686,,,,,,,,76,,,,,,,,,,,,,,,,,,,,,,,,,,,,,,,,,,,7,21,19,14,,,
A0687,6,52,,,,,,61,28,22,12,,,,,,,,,,,,,,,,,,,,,,,,,,,,,28,11,16,,,,,,,
A0688,,,,5,10,33,,59,,,,,,,,,,,,,21,31,,,,,,,,,,,,,,15,29,7,21,33,12,20,7,29,23,13,,,
A0689,,,,,,,,71,,,,,,,,,,,,,,,13,9,49,,,,,8,43,25,,,82,14,26,7,23,,,,6,23,18,15,,,
A0690,,,,,,,75,,41,22,15,,,,,,,,,,,,,,,,,,,,,,,,,,,,,,,,,,,,,,
A0691,,,,5,12,35,,73,,,,39,10,7,,,,25,15,37,,,18,10,63,26,19,16,8,,,,,,,,,,,,,,,,,,,,
A0692,,,,,,,,,36,21,13,,,,,,,,,,,,,,,26,18,15,7,,,,,,,,,,,,,,7,28,20,13,,,
A0693,9,58,,,,,,,,,,,,,,,,29,16,44,21,46,,,,,,,,6,35,21,,,59,,,,,,,,,,,,30,21,10
A0694,,,,,,,,,,,,,,,,,,,,,23,53,,,,,,,,,,,,,,,,,,,,,,,,,37,24,14
A0695,6,53,99,,,,,87,,,,,,,,20,47,,,,13,27,,,,,,,,,,,,,,,,,,,,,,,,,,,
A0696,7,53,,5,11,44,80,71,,,,,,,,26,54,,,,,,17,8,51,,,,,,,,,,66,,,,,,,,,,,,,,
A0697,,,,,,,,,,,,,,,,22,43,,,,21,48,18,9,65,24,20,12,7,6,41,14,,,,13,20,6,18,35,14,22,,,,,,,
A0698,,,,,,,69,71,29,22,12,50,10,6,,,,,,,,,,,,,,,,3,17,11,,,,,,,,31,16,26,,,,,,,
A0699,,,,4,8,25,,,,,,50,14,7,,,,28,15,34,,,,,,,,,,,,,,,,14,28,6,20,,,,,,,,,,
A0700,7,45,,,,,,,36,24,18,45,15,7,,,,,,,,,12,6,37,,,,,,,,58,7,45,,,,,,,,,,,,,,
A0701,,,79,,,,57,,44,29,18,,,,,,,,,,21,39,,,,26,19,14,6,,,,74,7,,,,,,28,9,20,,,,,,,
A0702,,,,,,,,63,,,,,,,,,,,,,,,,,,,,,,,,,,,,,,,,33,11,16,,,,,35,19,12
A0703,,,,,,,72,80,32,20,13,,,,37,,,,,,,,,,,19,16,10,5,,,,69,8,77,,,,,,,,,,,,,,
A0704,,,,,,,,,,,,34,12,7,,,,,,,,,,,,,,,,,,,,,73,,,,,,,,,,,,,,
A0705,,,65,,,,,,,,,48,12,6,,,,,,,,,,,,35,22,17,6,,,,,,,,,,,23,11,16,,,,,,,
A0706,9,66,84,,,,,,,,,38,13,5,,13,43,,,,,,,,,,,,,,,,,,,,,,,,,,,,,,29,19,10
A0707,8,59,,6,13,36,60,,,,,,,,58,,,21,14,39,,,14,6,51,,,,,,,,,,,,,,,,,,7,35,22,15,,,
A0708,,,73,6,11,38,71,,,,,,,,,,,,,,,,,,,30,23,16,8,,,,,,,18,34,9,28,,,,7,28,20,15,28,16,10
A0709,,,,,,,,,,,,,,,,,,23,12,24,,,,,,34,22,14,8,,,,,,,,,,,,,,,,,,41,19,13
A0710,6,60,71,,,,73,,,,,,,,69,,,,,,,,,,,,,,,,,,,,55,,,,,,,,8,33,26,15,31,20,14
A0711,,,67,3,8,29,,,,,,,,,,,,,,,,,,,,,,,,7,45,18,66,7,56,18,36,9,27,,,,,,,,,,
A0712,,,,8,15,51,,,32,21,16,,,,55,,,23,16,39,,,15,8,39,,,,,8,42,22,66,8,,,,,,,,,,,,,,,
A0713,7,66,85,,,,71,,,,,,,,,,,,,,,,,,,,,,,,,,,,,14,30,8,27,28,12,20,,,,,,,
A0714,,,,,,,,,,,,,,,,19,58,19,14,37,,,,,,,,,,,,,,,54,17,32,8,25,,,,,,,,,,
A0715,,,,,,,,,35,23,17,47,15,8,,23,47,,,,,,,,,30,25,17,8,5,41,23,73,8,,,,,,,,,,,,,32,21,13
A0716,9,58,,,,,,,,,,,,,56,21,45,,,,20,49,13,6,49,,,,,,,,,,,12,26,7,19,,,,8,26,23,15,,,
A0717,,,85,,,,,,,,,,,,,27,61,,,,,,,,,,,,,,,,,,59,,,,,,,,8,24,21,13,,,
A0718,5,48,,,,,,57,36,17,15,,,,,,,,,,,,,,,,,,,6,32,22,,,,,,,,,,,,,,,,,
A0719,,,,,,,,,,,,,,,73,,,,,,,,10,6,48,,,,,,,,,,,,,,,,,,,,,,,,
A0720,,,,6,9,27,,,,,,,,,,,,,,,,,,,,,,,,,,,73,6,,,,,,,,,,,,,,,
A0721,,,,,,,,,,,,,,,,,,,,,,,,,,21,13,11,6,,,,,,,,,,,32,15,23,,,,,,,
A0722,6,54,88,,,,,,34,25,16,,,,,,,,,,,,,,,,,,,,,,,,,,,,,27,13,18,,,,,34,22,12
A0723,,,,,,,,63,,,,,,,,,,,,,,,12,6,36,,,,,5,47,19,61,7,,16,31,7,22,25,10,18,,,,,,,
A0724,,,,,,,69,,33,18,13,,,,,,,,,,,,,,,19,18,10,4,,,,51,5,,,,,,,,,,,,,,,
A0725,,,,,,,76,69,32,21,11,,,,,,,,,,,,,,,22,18,15,7,,,,,,,,,,,,,,,,,,,,
A0726,,,,,,,,,,,,,,,,24,59,,,,,,,,,21,17,11,6,,,,,,85,,,,,,,,,,,,,,
A0727,,,80,,,,67,,35,24,15,52,14,8,77,,,,,,,,17,8,63,,,,,8,48,24,,,,,,,,,,,,,,,,,
A0728,,,46,7,11,45,,41,,,,,,,,18,44,,,,,,,,,,,,,,,,79,6,,13,26,7,21,,,,4,19,11,9,,,
A0729,,,,6,15,47,,,,,,,,,,,,25,15,39,24,63,,,,,,,,,,,,,,14,31,7,21,,,,6,25,22,14,,,
A0730,,,,,,,,,,,,52,15,9,77,,,,,,28,66,,,,31,26,17,8,5,35,18,,,,,,,,,,,6,30,16,11,,,
A0731,6,56,,,,,,,32,23,13,,,,,17,47,26,14,43,22,46,,,,,,,,,,,,,,,,,,,,,,,,,,,
A0732,,,,,,,,,33,19,15,,,,,,,,,,19,48,,,,,,,,5,40,18,,,,,,,,,,,,,,,,,
A0733,,,,,,,,,,,,,,,,,,23,17,35,,,,,,27,23,13,8,7,43,21,,,71,,,,,,,,7,28,24,12,,,
A0734,,,,5,7,28,,100,38,22,15,36,11,5,,,,,,,,,,,,,,,,,,,,,,,,,,28,13,18,,,,,,,
A0735,,,,,,,,,,,,,,,72,,,,,,,,17,7,49,26,19,14,8,5,33,17,,,,,,,,,,,,,,,,,
A0736,,,75,,,,,,,,,,,,,18,48,,,,,,,,,,,,,6,42,19,,,,,,,,,,,,,,,25,18,12
A0737,,,,5,9,37,89,,,,,,,,,,,,,,,,,,,35,23,16,8,,,,51,6,63,,,,,37,14,18,,,,,24,16,8
A0738,,,,,,,,74,34,24,13,,,,70,18,46,,,,,,,,,,,,,8,42,22,,,,15,28,8,24,33,14,24,,,,,,,
A0739,6,53,,,,,70,,,,,30,7,5,,,,,,,21,52,,,,,,,,,,,51,7,,,,,,37,12,20,,,,,,,
A0740,,,,,,,,,,,,,,,,,,19,13,30,20,54,,,,,,,,,,,,,,,,,,,,,,,,,,,
A0741,,,,4,10,42,,,25,21,14,,,,,28,64,,,,,,,,,24,19,12,6,,,,,,,,,,,32,13,19,,,,,33,17,11
A0742,6,64,85,,,,,,,,,,,,,,,,,,,,,,,19,14,11,5,6,41,19,60,8,,17,30,7,21,,,,4,16,11,11,,,
A0743,,,,,,,,,,,,,,,,,,20,13,32,21,59,,,,,,,,6,33,19,,,,,,,,,,,,,,,,,
A0744,8,63,,6,15,53,,,,,,,,,,,,,,,19,36,14,7,47,28,22,13,6,,,,71,7,,,,,,,,,8,30,24,14,,,
A0745,,,,,,,,57,,,,31,9,5,,,,19,13,32,,,,,,19,18,12,6,,,,,,,,,,,24,10,14,,,,,,,
A0746,6,45,,,,,,71,,,,,,,87,,,,,,,,,,,28,21,18,7,,,,57,6,,,,,,38,16,25,,,,,,,
A0747,,,,,,,49,,,,,,,,,,,,,,21,51,,,,,,,,,,,56,7,,13,31,7,18,,,,,,,,,,
A0748,,,,,,,,86,36,26,13,,,,,,,,,,,,,,,,,,,,,,,,73,,,,,,,,,,,,39,17,13
A0749,,,,,,,,,,,,,,,,,,,,,19,41,,,,,,,,6,41,18,,,,,,,,,,,,,,,,,
A0750,,,64,5,11,41,,,,,,,,,,,,,,,,,,,,,,,,,,,,,,,,,,,,,,,,,,,
A0751,,,,,,,,,37,25,17,,,,,,,,,,,,,,,,,,,,,,,,72,12,27,6,19,,,,7,29,22,14,,,
A0752,5,54,88,6,12,45,,,,,,,,,,,,,,,,,,,,,,,,,,,,,57,,,,,,,,,,,,,,
A0753,,,80,4,8,25,,,,,,,,,52,,,,,,,,15,8,58,,,,,,,,45,5,,,,,,,,,,,,,,,
A0754,,,,,,,,89,,,,,,,58,,,20,11,30,,,,,,,,,,,,,,,,14,29,6,23,,,,,,,,,,
A0755,,,,7,13,49,,,,,,46,12,7,,,,,,,,,,,,,,,,,,,,,,,,,,29,11,18,5,24,17,8,,,
A0756,,,82,,,,,,,,,,,,,27,53,,,,,,,,,18,16,12,5,5,27,15,,,,17,35,9,30,,,,,,,,,,
A0757,,,71,,,,,,,,,,,,,20,47,,,,,,14,7,42,29,22,12,6,,,,61,6,,,,,,,,,,,,,,,
A0758,,,,5,8,38,63,,,,,,,,,,,,,,,,,,,,,,,,,,,,,,,,,,,,,,,,,,
A0759,6,52,78,,,,,,40,19,13,,,,,,,,,,,,,,,25,19,11,6,,,,,,,,,,,34,10,19,,,,,,,
A0760,,,66,6,14,47,63,,,,,,,,,,,,,,24,47,,,,,,,,5,36,17,,,,10,24,7,16,36,17,24,,,,,,,
A0761,,,,,,,,,,,,,,,,,,23,16,34,,,,,,31,27,15,9,,,,,,,,,,,,,,,,,,,,
A0762,,,,6,16,54,,,,,,,,,,,,29,17,47,25,67,,,,,,,,,,,,,,,,,,27,11,16,6,29,21,13,38,23,16
A0763,,,84,,,,,,,,,,,,87,22,56,,,,,,,,,,,,,,,,63,6,61,,,,,,,,,,,,,,
A0764,7,61,,,,,,,39,21,17,,,,,,,,,,22,47,,,,27,23,13,6,,,,,,,,,,,33,13,21,,,,,,,
A0765,5,56,66,,,,,,,,,,,,,,,,,,,,,,,,,,,,,,,,,,,,,,,,,,,,,,
A0766,6,42,,6,11,40,,,,,,,,,62,22,44,,,,,,,,,,,,,7,37,18,,,,17,29,10,24,,,,,,,,,,
A0767,,,63,,,,,,37,21,13,,,,61,,,,,,,,,,,23,23,16,7,,,,,,,,,,,,,,,,,,,,
A0768,4,47,,,,,,,37,24,15,,,,62,,,,,,,,,,,,,,,,,,,,,,,,,26,11,18,,,,,,,
A0769,,,,,,,59,,,,,,,,,,,,,,,,,,,,,,,4,33,13,,,,15,26,5,16,30,10,13,5,23,21,13,21,13,9
A0770,,,,,,,,,,,,,,,,21,46,,,,25,52,,,,,,,,,,,,,,16,34,8,23,,,,,,,,,,
A0771,,,76,,,,,65,,,,,,,,,,,,,,,,,,,,,,,,,,,,,,,,,,,,,,,31,21,14
A0772,6,54,,,,,,85,,,,50,14,7,,,,,,,,,,,,,,,,,,,,,,,,,,,,,5,17,19,12,,,
A0773,,,71,,,,,82,,,,,,,,,,,,,,,,,,,,,,,,,,,,16,35,8,21,,,,,,,,,,
A0774,,,,,,,73,,,,,,,,,,,,,,,,18,6,60,30,21,16,8,,,,55,6,,,,,,,,,,,,,17,9,11
A0775,,,,6,14,34,,,35,22,16,,,,,,,,,,,,,,,27,22,14,8,,,,,,,,,,,,,,3,24,11,12,,,
A0776,,,62,,,,,,,,,,,,,,,20,13,39,,,13,8,55,,,,,,,,,,,16,33,7,20,,,,,,,,34,21,15
A0777,,,,,,,,82,,,,56,14,7,,,,,,,25,49,,,,,,,,8,48,18,,,,,,,,,,,,,,,,,
A0778,,,,6,10,39,,73,,,,,,,89,,,29,20,49,22,52,,,,,,,,4,30,17,,,,,,,,,,,,,,,,,
A0779,5,43,,,,,,,,,,,,,,,,,,,,,,,,23,17,13,5,,,,,,47,10,27,5,20,,,,,,,,,,
A0780,,,,,,,,,33,17,13,50,15,8,58,,,25,14,37,16,28,15,8,55,,,,,8,39,25,,,,,,,,,,,,,,,,,
A0781,7,58,,,,,81,,46,25,18,,,,59,,,,,,,,,,,,,,,,,,54,6,,,,,,,,,,,,,,,
A0782,,,,,,,66,,,,,43,11,6,,,,21,14,38,22,42,,,,,,,,,,,,,,,,,,,,,8,30,22,18,,,
A0783,,,,,,,,,30,22,11,43,11,5,,24,52,,,,22,61,12,6,54,,,,,7,30,20,,,,,,,,,,,,,,,,,
A0784,,,,,,,68,,,,,47,13,7,,,,,,,19,65,,,,29,19,11,5,5,34,19,,,,,,,,,,,,,,,31,23,14
A0785,5,58,,,,,70,,,,,,,,,,,,,,,,,,,,,,,5,32,18,,,,,,,,,,,,,,,,,
A0786,,,85,,,,57,,,,,45,12,6,,,,,,,,,,,,,,,,,,,,,,,,,,,,,,,,,,,
A0787,,,,,,,,55,,,,,,,56,,,,,,,,10,7,48,,,,,,,,,,,17,29,9,21,,,,8,30,19,14,,,
A0788,,,,,,,,,,,,,,,71,,,,,,,,,,,,,,,7,47,20,,,,,,,,,,,6,20,18,13,,,
A0789,,,70,,,,45,,,,,,,,,,,,,,,,,,,27,19,12,7,,,,,,,,,,,,,,,,,,,,
A0790,,,,7,13,50,,,,,,,,,,,,,,,,,,,,,,,,6,41,21,,,63,,,,,,,,,,,,,,
A0791,,,,,,,,77,31,21,14,,,,,,,,,,,,,,,,,,,,,,,,,11,30,8,23,,,,,,,,,,
A0792,,,48,,,,,,34,20,13,,,,,,,,,,,,,,,28,17,14,7,,,,,,,,,,,,,,,,,,38,19,11
A0793,9,75,,,,,72,,,,,,,,77,19,43,,,,,,,,,,,,,,,,,,81,,,,,,,,,,,,,,
A0794,,,,,,,,,,,,,,,78,,,,,,,,11,7,52,31,21,14,7,,,,,,42,,,,,,,,6,25,22,14,,,
A0795,,,,,,,,,,,,42,12,6,45,20,40,,,,23,36,,,,27,19,13,7,,,,42,7,,,,,,,,,7,29,24,14,,,
A0796,,,,4,11,27,,88,32,18,14,,,,64,,,,,,,,,,,,,,,,,,,,55,,,,,,,,,,,,,,
A0797,,,,7,10,38,72,61,29,19,11,34,10,5,,,,29,20,42,,,,,,31,20,11,7,,,,,,,,,,,,,,,,,,,,
A0798,,,,,,,,,,,,,,,,,,23,15,35,,,,,,35,23,17,8,,,,64,7,75,18,39,9,23,,,,,,,,,,
A0799,,,,,,,81,61,26,16,11,,,,64,,,,,,,,15,6,48,28,20,15,5,,,,,,,,,,,,,,6,21,15,10,,,
A0800,,,,6,12,44,,,,,,,,,86,17,40,23,15,33,,,,,,,,,,,,,,,,,,,,,,,,,,,,,
A0801,6,47,,,,,,100,32,18,14,,,,,24,48,,,,,,,,,,,,,,,,,,,17,32,7,25,,,,,,,,,,
A0802,,,62,,,,62,,,,,,,,,,,,,,,,,,,,,,,,,,,,70,,,,,,,,,,,,,,
A0803,7,57,78,,,,,83,,,,,,,78,,,,,,,,,,,,,,,,,,,,62,,,,,,,,,,,,38,20,16
A0804,,,,,,,,,,,,47,13,6,,,,,,,18,46,12,7,33,21,18,10,6,,,,,,,13,28,5,16,,,,,,,,,,
A0805,,,84,,,,,70,,,,,,,68,,,,,,,,,,,,,,,,,,,,,,,,,,,,,,,,,,
A0806,6,47,91,,,,,,,,,,,,,23,48,,,,,,,,,28,22,14,7,7,24,16,,,,14,23,6,22,,,,,,,,,,
A0807,,,,,,,,,38,19,14,,,,,,,,,,,,,,,,,,,,,,,,,,,,,,,,,,,,37,24,14
A0808,,,,,,,,80,,,,,,,62,,,,,,,,,,,,,,,,,,,,,12,24,6,20,,,,,,,,,,
A0809,,,,6,12,40,57,,,,,,,,,,,,,,,,17,9,49,,,,,6,38,18,66,8,,,,,,,,,,,,,,,
A0810,,,,,,,,,,,,38,8,6,,22,53,,,,,,,,,,,,,,,,,,,,,,,,,,,,,,,,
A0811,7,54,,7,12,49,,,41,23,18,,,,,,,,,,16,39,,,,26,18,14,5,,,,42,5,,12,20,6,20,,,,,,,,,,
A0812,,,45,8,12,42,,68,33,22,17,,,,,,,,,,22,56,,,,26,26,16,7,,,,,,,,,,,,,,,,,,,,
A0813,,,91,7,13,53,,,,,,,,,,,,,,,,,,,,,,,,7,35,17,,,,,,,,33,14,21,,,,,,,
A0814,,,,,,,86,57,32,22,13,,,,,,,,,,,,,,,,,,,,,,,,79,,,,,,,,7,26,21,14,,,
A0815,7,54,,,,,,,,,,30,9,4,,,,,,,,,,,,,,,,,,,,,,,,,,41,15,24,,,,,,,
A0816,,,,7,17,43,,77,,,,49,15,7,68,,,,,,20,49,13,6,46,,,,,,,,62,5,,,,,,,,,,,,,,,
A0817,,,,,,,,72,,,,,,,,,,20,13,31,,,,,,,,,,,,,,,,,,,,,,,8,24,21,14,,,
A0818,8,80,,,,,,71,39,25,16,53,14,7,,,,23,15,43,,,,,,,,,,7,34,16,,,,,,,,31,16,24,,,,,,,
A0819,,,,,,,,85,,,,36,8,5,,,,,,,,,,,,,,,,6,36,18,,,77,,,,,39,15,21,7,28,21,13,,,
A0820,,,,,,,58,,,,,,,,,,,28,15,41,,,,,,20,17,13,6,,,,,,,,,,,,,,7,29,22,13,38,20,14
A0821,,,,6,13,44,63,77,,,,,,,,,,,,,,,,,,31,19,13,7,6,35,19,75,9,82,,,,,,,,,,,,,,
A0822,,,84,,,,,,,,,,,,,,,,,,21,47,,,,,,,,,,,,,,,,,,,,,,,,,,,
A0823,,,90,,,,,,29,20,13,,,,,,,,,,,,,,,,,,,8,47,22,,,,,,,,,,,,,,,,,
A0824,,,,,,,,,,,,56,17,7,,,,,,,,,,,,17,11,7,3,5,30,19,65,7,69,,,,,,,,8,28,24,15,,,
A0825,,,,,,,,,27,20,13,,,,,,,,,,,,12,8,53,,,,,,,,69,7,,,,,,,,,,,,,,,
A0826,5,60,,,,,,,29,17,13,,,,,,,,,,,,,,,,,,,,,,,,,16,39,8,25,,,,8,32,22,17,,,
A0827,6,51,,,,,,63,,,,,,,,,,,,,,,,,,19,20,12,6,,,,,,,,,,,,,,,,,,,,
A0828,,,,,,,,,31,18,9,,,,67,19,49,,,,22,51,,,,,,,,,,,,,,,,,,38,13,16,6,23,16,11,,,
A0829,,,59,,,,,,,,,,,,,24,50,21,14,32,,,,,,13,10,9,4,,,,,,65,,,,,,,,6,27,21,12,34,22,12
A0830,,,,,,,,,41,21,16,,,,,,,,,,,,,,,25,20,12,6,,,,,,,,,,,,,,,,,,,,
A0831,,,,,,,,,,,,,,,,,,,,,,,,,,,,,,,,,,,,,,,,28,12,18,,,,,24,18,11
A0832,5,48,,7,13,28,73,,,,,,,,79,,,,,,,,14,8,50,,,,,7,30,17,,,,,,,,29,12,18,,,,,,,
A0833,,,70,,,,,,,,,,,,,,,,,,,,,,,,,,,5,43,17,56,7,,16,33,8,22,,,,,,,,,,
A0834,,,62,,,,,77,,,,,,,,,,,,,,,,,,24,18,13,4,,,,,,81,,,,,,,,,,,,,,
A0835,,,,,,,,82,41,22,16,,,,,,,,,,19,44,,,,,,,,7,37,18,,,,12,23,7,17,,,,,,,,,,
A0836,,,,,,,,,,,,,,,58,,,,,,21,52,,,,,,,,,,,,,,,,,,35,12,19,,,,,,,
A0837,,,,6,11,49,,75,27,17,11,,,,78,,,,,,,,,,,20,12,8,4,6,31,18,68,9,,,,,,,,,,,,,,,
A0838,,,,6,10,41,,,,,,,,,,,,,,,,,,,,,,,,,,,66,6,,,,,,,,,7,26,24,12,42,21,16
A0839,,,,,,,81,,,,,50,16,9,,,,25,15,41,,,14,7,56,,,,,,,,62,8,,,,,,,,,,,,,,,
A0840,,,,6,10,40,,,,,,,,,,,,,,,,,16,8,52,,,,,,,,,,,,,,,42,15,24,,,,,,,
A0841,,,54,,,,57,,,,,,,,72,26,67,30,20,47,,,,,,,,,,,,,,,57,14,30,8,22,,,,,,,,,,
A0842,8,58,87,,,,,,,,,,,,,,,,,,,,,,,,,,,,,,,,,,,,,,,,7,28,20,14,27,14,10
A0843,,,,,,,,,,,,,,,,18,42,,,,,,,,,28,25,16,7,,,,,,,18,28,8,22,27,9,17,,,,,,,
A0844,,,,,,,,57,44,22,17,,,,,,,,,,,,,,,,,,,,,,,,,,,,,,,,,,,,,,
A0845,,,,,,,,,,,,,,,,,,27,18,35,,,,,,,,,,,,,,,,12,22,5,18,29,12,17,,,,,,,
A0846,,,,,,,,,,,,,,,,,,,,,,,,,,23,15,12,6,,,,,,,20,39,10,29,,,,,,,,17,11,10
A0847,6,51,,,,,,,,,,,,,,,,,,,,,,,,,,,,,,,,,,,,,,,,,8,32,23,13,,,
A0848,9,68,,6,9,39,,,,,,,,,,,,,,,16,35,,,,,,,,,,,,,,14,29,7,22,,,,,,,,,,
A0849,,,,,,,65,75,,,,,,,,,,26,14,37,25,58,16,8,56,,,,,,,,,,,,,,,,,,,,,,,,
A0850,,,,,,,,76,,,,42,15,6,,,,,,,,,,,,25,24,14,7,,,,53,6,72,,,,,32,13,15,,,,,,,
A0851,,,,,,,,,31,17,13,,,,49,,,,,,,,15,7,60,,,,,,,,,,71,,,,,,,,9,33,22,16,,,
A0852,,,,5,12,40,,,,,,,,,,26,47,,,,,,,,,31,26,15,8,6,41,21,,,,,,,,30,15,16,,,,,38,21,15
A0853,,,81,,,,55,,,,,,,,,15,45,,,,,,,,,,,,,,,,61,7,,,,,,24,14,17,6,24,17,12,,,
A0854,,,,,,,54,,,,,,,,86,,,,,,20,36,10,6,43,,,,,,,,,,,,,,,,,,,,,,,,
A0855,,,,,,,66,,,,,,,,,,,,,,,,,,,23,23,14,7,,,,,,,,,,,,,,,,,,,,
A0856,,,,,,,,,,,,56,15,8,,,,,,,,,16,9,47,,,,,,,,49,5,60,,,,,36,13,22,,,,,,,
A0857,,,,,,,,73,,,,,,,,,,,,,,,10,5,38,28,22,14,6,,,,,,,,,,,,,,,,,,,,
A0858,,,,,,,,,,,,,,,,,,,,,,,,,,,,,,,,,,,76,,,,,,,,6,23,15,14,,,
A0859,,,,,,,,,,,,,,,,,,,,,,,,,,,,,,,,,,,74,,,,,,,,,,,,27,16,11
A0860,,,,,,,,,31,18,13,45,14,7,,22,46,,,,,,,,,,,,,5,33,18,,,,,,,,,,,7,28,19,16,,,
A0861,,,86,,,,,96,33,23,13,,,,,,,27,17,43,,,,,,,,,,,,,,,,15,33,8,17,,,,6,22,20,14,29,17,12
A0862,,,75,7,15,48,,,,,,,,,,,,,,,,,,,,,,,,,,,,,85,13,22,7,20,,,,5,24,18,13,,,
A0863,,,,,,,,,,,,,,,60,,,26,18,44,,,,,,,,,,,,,,,,,,,,,,,7,30,20,17,,,
A0864,,,,,,,,,,,,,,,,25,54,,,,,,,,,,,,,,,,,,,,,,,,,,7,36,24,14,,,
A0865,,,,,,,,73,,,,,,,63,,,,,,,,,,,,,,,,,,,,,,,,,,,,,,,,,,
A0866,,,,,,,,,,,,,,,,,,,,,,,16,8,59,,,,,,,,,,,,,,,41,14,22,9,34,17,14,28,16,11
A0867,,,,,,,,70,,,,45,13,6,,,,,,,,,,,,,,,,6,41,22,59,6,,15,32,7,21,,,,,,,,,,
A0868,,,,,,,,100,39,21,12,48,14,6,,,,,,,,,,,,24,21,14,7,,,,,,,16,32,9,20,25,14,17,8,26,18,15,,,
A0869,8,64,,,,,67,,,,,,,,62,,,,,,,,,,,,,,,,,,,,,15,30,9,27,,,,7,15,20,13,,,
A0870,7,46,80,,,,,,,,,,,,,,,,,,,,,,,31,23,15,8,,,,63,7,,,,,,23,8,20,8,37,24,16,,,
A0871,,,,5,13,49,,,,,,,,,,,,,,,17,42,,,,,,,,,,,,,,,,,,,,,,,,,,,
A0872,6,59,,6,10,50,,,,,,46,14,7,,,,,,,,,13,6,44,,,,,,,,,,,,,,,,,,,,,,,,
A0873,5,42,,6,12,38,,67,,,,,,,,,,,,,,,,,,,,,,,,,69,6,,20,40,10,30,32,12,16,7,34,20,13,,,
A0874,,,88,,,,77,,,,,,,,,,,,,,15,45,,,,,,,,8,39,21,,,,,,,,33,12,21,7,28,20,14,,,
A0875,,,,6,8,44,,,,,,,,,,,,,,,,,,,,,,,,5,36,18,,,,,,,,,,,7,24,18,11,,,
A0876,,,,,,,,98,38,18,12,,,,,,,,,,,,,,,,,,,5,26,13,63,7,,,,,,,,,,,,,,,
A0877,,,,,,,,,,,,,,,69,18,38,,,,,,19,8,68,,,,,,,,,,,,,,,,,,,,,,,,
A0878,,,,,,,,,,,,,,,,,,,,,,,,,,23,20,13,8,,,,,,,18,29,8,26,,,,,,,,,,
A0879,,,,,,,,,,,,,,,,21,52,28,16,37,,,,,,,,,,,,,49,5,,20,40,10,27,23,12,17,,,,,,,
A0880,,,58,,,,80,69,35,20,13,,,,,,,,,,,,,,,25,21,16,7,,,,,,,,,,,33,13,24,6,23,14,10,,,
A0881,,,,7,17,50,,,30,17,13,,,,,,,,,,,,,,,,,,,,,,,,,13,28,6,22,,,,,,,,31,18,14
A0882,,,79,,,,,,,,,,,,,,,,,,,,,,,31,28,16,8,,,,,,,,,,,,,,,,,,,,
A0883,6,54,68,,,,,,33,21,11,53,16,9,,,,,,,,,,,,29,20,14,7,,,,,,,,,,,,,,7,25,21,13,,,
A0884,,,87,,,,,,,,,,,,,,,,,,,,11,6,35,,,,,,,,,,,17,26,7,22,,,,,,,,,,
A0885,6,64,,,,,67,,31,23,15,,,,,,,,,,,,,,,,,,,,,,,,,14,22,7,17,,,,,,,,,,
A0886,,,,,,,,60,,,,55,16,9,,,,,,,,,,,,23,19,10,7,,,,,,52,,,,,34,13,25,7,29,18,16,,,
A0887,,,,,,,,,37,25,14,,,,,,,,,,,,,,,28,18,13,6,,,,,,,,,,,,,,6,28,18,14,,,
A0888,,,,,,,,,,,,,,,59,,,,,,,,,,,,,,,,,,,,,,,,,,,,6,24,16,10,,,
A0889,6,60,,7,14,51,,,,,,,,,,,,,,,,,,,,32,24,16,8,,,,,,,,,,,,,,,,,,,,
A0890,,,,,,,,74,,,,,,,,,,19,13,32,,,,,,,,,,,,,,,,,,,,,,,7,32,25,16,,,
A0891,,,,,,,,,,,,,,,,,,,,,,,,,,21,18,9,6,,,,,,58,,,,,,,,,,,,,,
A0892,,,,5,11,46,,,,,,,,,59,,,26,14,40,,,,,,,,,,,,,,,,,,,,36,19,18,,,,,,,
A0893,,,,5,15,52,65,77,,,,,,,64,,,,,,,,,,,,,,,,,,62,7,64,,,,,32,14,20,,,,,,,
A0894,,,,,,,,,,,,,,,,24,52,,,,,,,,,,,,,7,45,17,67,6,,,,,,18,7,8,,,,,,,
A0895,6,45,,,,,,,,,,,,,44,,,23,19,39,17,50,,,,,,,,,,,,,,16,33,8,20,,,,,,,,,,
A0896,5,63,,,,,,78,,,,,,,,15,40,,,,,,,,,,,,,5,42,19,,,,,,,,,,,,,,,35,15,10
A0897,7,48,71,,,,,,,,,,,,,23,59,,,,,,,,,,,,,6,43,20,,,,,,,,,,,,,,,29,22,17
A0898,,,,,,,,,,,,,,,,21,51,,,,,,,,,,,,,5,24,16,48,6,,,,,,,,,,,,,33,18,12
A0899,,,,,,,,68,38,24,15,44,14,7,,15,48,,,,,,,,,,,,,3,28,14,,,85,,,,,,,,,,,,,,
A0900,,,,,,,62,,,,,,,,,24,58,29,17,42,,,14,7,52,25,19,14,6,,,,,,,,,,,27,12,17,,,,,,,
A0901,4,26,,8,13,51,,,,,,47,14,8,,,,,,,,,,,,35,25,17,6,,,,72,8,,,,,,,,,,,,,,,
A0902,,,61,,,,,,47,27,18,,,,,18,33,,,,19,45,,,,27,21,16,8,,,,62,8,61,,,,,,,,,,,,,,
A0903,,,,,,,,,29,16,10,,,,,,,21,13,35,21,53,,,,,,,,,,,62,7,,,,,,,,,6,21,16,12,,,
A0904,,,62,6,14,47,,,34,16,14,,,,,,,,,,,,,,,,,,,,,,60,5,,,,,,45,15,24,,,,,19,11,8
A0905,,,88,,,,62,,,,,,,,69,,,21,16,43,20,51,,,,,,,,6,43,25,,,,,,,,,,,7,29,19,14,,,
A0906,,,,,,,,,46,26,16,,,,,,,,,,,,,,,,,,,,,,,,,,,,,,,,6,21,13,9,,,
A0907,,,,4,14,38,,,,,,56,13,6,,,,,,,,,,,,28,22,15,6,,,,65,8,66,,,,,,,,,,,,,,
A0908,,,,,,,,85,,,,,,,,22,55,,,,16,47,,,,34,21,15,8,,,,,,63,,,,,,,,,,,,,,
A0909,,,,,,,,,,,,,,,66,,,,,,,,15,6,46,,,,,,,,,,,,,,,,,,,,,,,,
A0910,,,57,,,,,,,,,,,,,,,,,,,,,,,,,,,,,,55,8,,14,29,7,22,,,,,,,,,,
A0911,,,,,,,47,,38,22,15,,,,,,,,,,26,48,,,,,,,,,,,,,,,,,,33,10,18,,,,,,,
A0912,,,73,,,,70,,31,18,14,,,,,,,,,,,,9,6,53,,,,,,,,,,,,,,,,,,,,,,,,
A0913,,,,,,,,81,,,,,,,,,,,,,,,,,,33,24,12,8,6,33,19,,,81,,,,,,,,,,,,,,
A0914,3,44,,,,,77,,,,,,,,,,,,,,,,15,8,59,,,,,,,,,,,,,,,,,,,,,,,,
A0915,5,49,,4,8,35,,,33,21,15,,,,,,,,,,,,,,,,,,,,,,,,,,,,,,,,,,,,28,17,10
A0916,,,,6,13,44,,,32,19,13,49,14,7,70,,,,,,,,19,10,67,,,,,7,41,20,,,,,,,,,,,,,,,,,
A0917,,,,,,,,70,,,,48,17,8,,,,26,19,47,,,,,,31,25,14,8,6,30,18,,,,,,,,,,,,,,,,,
A0918,,,56,6,11,35,,65,,,,33,11,6,,,,23,17,33,,,18,10,57,,,,,5,31,19,,,,,,,,,,,,,,,,,
A0919,,,,4,11,42,,,,,,,,,,,,,,,,,,,,,,,,,,,,,72,,,,,,,,,,,,,,
A0920,,,,4,9,30,,,39,18,13,,,,,23,52,,,,,,,,,,,,,,,,,,81,,,,,,,,,,,,,,
A0921,,,72,,,,66,,40,22,16,,,,,21,40,,,,,,,,,,,,,,,,61,9,,,,,,,,,6,28,21,16,,,
A0922,,,,6,13,38,,,,,,,,,,,,,,,,,,,,,,,,,,,,,72,,,,,35,10,14,,,,,,,
A0923,,,,5,12,40,,,,,,,,,,,,,,,,,14,8,52,27,20,15,7,,,,54,7,,,,,,25,9,13,,,,,,,
A0924,6,44,,,,,,,,,,,,,,,,,,,,,,,,,,,,,,,,,,16,32,9,23,,,,,,,,,,
A0925,,,78,,,,,,,,,,,,54,,,,,,,,,,,,,,,,,,71,7,,,,,,,,,6,22,16,9,,,
A0926,,,,,,,,,,,,,,,,,,,,,,,,,,,,,,7,45,19,,,80,,,,,,,,,,,,27,17,11
A0927,,,,,,,,,,,,,,,,,,,,,,,,,,23,21,15,7,,,,,,65,,,,,,,,,,,,,,
A0928,,,,,,,,,,,,,,,,,,,,,20,33,,,,,,,,,,,,,,,,,,,,,,,,,23,17,11
A0929,5,43,,6,13,35,,,,,,,,,,,,,,,,,,,,35,23,14,9,6,38,14,68,6,,,,,,32,16,20,,,,,,,
A0930,4,38,,7,15,50,,,,,,,,,,,,25,16,47,,,,,,,,,,8,46,23,62,8,,,,,,,,,,,,,,,
A0931,7,55,,8,13,53,,,40,19,14,,,,,,,,,,17,37,,,,30,21,14,8,,,,,,,,,,,,,,,,,,,,
A0932,6,49,,,,,,,,,,,,,,22,53,,,,,,,,,25,18,10,5,,,,,,,12,25,8,17,31,10,17,,,,,,,
A0933,,,65,,,,,,,,,,,,,,,28,20,40,,,,,,,,,,6,42,18,,,,,,,,,,,,,,,,,
A0934,,,,,,,,,28,22,11,,,,,,,28,16,40,16,44,,,,,,,,,,,,,,,,,,30,13,17,,,,,30,21,11
A0935,5,57,95,,,,,,,,,,,,,,,,,,,,,,,,,,,,,,,,,,,,,33,15,20,,,,,,,
A0936,,,,,,,,,,,,42,11,5,,20,47,,,,17,37,,,,,,,,,,,,,,,,,,,,,,,,,23,17,11
A0937,6,73,,6,11,50,,,,,,48,14,8,,,,,,,,,,,,,,,,7,44,24,,,,,,,,,,,,,,,,,
A0938,,,71,,,,,,,,,,,,56,,,24,18,48,,,17,7,63,30,13,16,7,,,,,,,16,29,7,24,31,11,19,,,,,,,
A0939,,,,6,8,42,,,,,,,,,,,,27,16,41,,,,,,,,,,7,38,19,,,,17,25,7,20,,,,,,,,33,20,10
A0940,,,,,,,,68,,,,,,,69,,,,,,,,,,,33,21,11,6,,,,,,,,,,,,,,7,26,23,17,,,
A0941,,,,,,,67,,,,,,,,95,,,,,,22,66,,,,,,,,,,,,,,,,,,,,,,,,,36,21,15
A0942,,,,4,7,31,,,,,,,,,,,,26,19,39,,,,,,,,,,,,,,,,,,,,,,,,,,,34,17,15
A0943,,,66,,,,,,,,,,,,,,,,,,,,,,,,,,,,,,,,,,,,,27,14,18,7,26,21,12,,,
A0944,6,65,,,,,,,43,28,20,,,,87,,,21,14,35,16,49,,,,,,,,,,,,,,,,,,,,,8,30,22,15,,,
A0945,6,48,,,,,,80,,,,,,,,,,25,16,39,21,61,,,,,,,,,,,,,61,,,,,30,12,21,,,,,,,
A0946,,,73,6,12,46,,71,36,23,14,,,,,,,19,11,29,29,70,,,,,,,,,,,,,,,,,,,,,,,,,,,
A0947,,,,,,,,,,,,,,,,,,,,,,,,,,,,,,4,22,11,,,70,,,,,,,,,,,,,,
A0948,,,,6,14,49,,,32,20,16,,,,56,,,,,,,,,,,,,,,,,,,,73,,,,,,,,,,,,,,
A0949,,,,,,,,,,,,,,,,,,,,,18,43,,,,,,,,,,,54,6,,,,,,,,,,,,,,,
A0950,7,36,,,,,,,,,,,,,,,,16,13,25,,,,,,,,,,,,,,,,,,,,,,,,,,,,,
A0951,5,45,,5,14,38,69,90,27,22,11,,,,,,,,,,20,45,,,,,,,,,,,,,,,,,,25,10,19,,,,,,,
A0952,,,,,,,,,,,,,,,57,,,,,,24,64,,,,,,,,7,29,17,,,,,,,,,,,,,,,,,
A0953,,,66,,,,,,,,,,,,,,,,,,,,,,,,,,,,,,,,62,14,32,6,18,,,,9,35,26,17,22,12,9
A0954,,,,,,,,,33,19,16,,,,,,,,,,20,49,,,,,,,,,,,,,,,,,,,,,,,,,,,
A0955,,,,,,,,,,,,,,,71,,,,,,19,45,,,,,,,,,,,,,,,,,,,,,,,,,,,
A0956,,,90,,,,,62,,,,,,,,,,,,,,,,,,,,,,,,,,,75,,,,,35,13,15,,,,,,,
A0957,,,,,,,,74,34,18,12,,,,64,,,,,,,,,,,,,,,7,33,17,,,,,,,,,,,,,,,29,18,12
A0958,,,,,,,,,,,,,,,66,,,,,,,,,,,31,22,15,9,,,,,,,,,,,,,,,,,,,,
A0959,,,,,,,,,,,,,,,,,,,,,,,,,,,,,,,,,,,,,,,,34,14,20,,,,,29,17,12
A0960,,,,,,,,,,,,,,,,16,46,,,,,,,,,,,,,,,,,,,,,,,,,,,,,,24,19,11
A0961,,,,,,,,,30,23,18,,,,,,,,,,,,,,,,,,,,,,,,,,,,,,,,7,25,19,16,,,
A0962,,,86,,,,,76,,,,,,,,,,,,,19,42,,,,,,,,,,,,,,,,,,,,,6,27,15,11,,,
A0963,,,,,,,,,,,,,,,,,,23,16,38,20,48,,,,34,23,17,8,,,,,,,,,,,27,12,17,,,,,,,
A0964,8,70,,,,,70,73,37,24,14,,,,,,,,,,,,,,,32,21,13,6,6,35,17,,,,,,,,,,,,,,,31,22,14
A0965,5,42,,,,,49,,,,,41,8,5,,,,25,19,39,22,60,15,8,46,,,,,,,,51,6,,,,,,,,,,,,,,,
A0966,,,63,,,,,,41,19,15,,,,70,,,,,,,,,,,,,,,,,,74,9,,,,,,,,,,,,,,,
A0967,,,,,,,,,,,,55,11,6,,,,,,,,,,,,,,,,,,,,,58,,,,,,,,,,,,31,18,10
A0968,,,,,,,,,42,24,16,,,,,20,50,,,,,,,,,27,26,15,7,,,,,,,,,,,29,12,20,8,26,21,15,,,
A0969,,,,,,,,,,,,,,,,,,,,,,,,,,,,,,,,,,,,,,,,,,,7,29,21,12,20,16,9
A0970,,,,8,12,50,,,,,,37,12,7,80,,,,,,20,46,,,,,,,,6,45,21,,,,,,,,,,,,,,,,,
A0971,8,72,73,,,,,,,,,,,,,,,27,17,44,,,,,,25,19,12,6,,,,,,79,,,,,33,14,19,8,33,22,18,,,
A0972,,,,5,10,34,,73,,,,,,,,18,50,,,,,,14,7,47,25,20,12,7,4,19,13,,,,,,,,,,,,,,,,,
A0973,,,,,,,77,69,,,,47,14,6,,,,20,14,36,,,,,,,,,,7,44,18,,,,,,,,23,8,14,,,,,,,
A0974,,,,,,,,64,38,25,13,35,10,4,60,,,20,13,38,,,,,,,,,,,,,,,,17,35,8,25,,,,6,27,19,11,,,
A0975,6,54,,,,,,,,,,,,,,13,39,,,,,,,,,19,16,10,5,,,,,,,,,,,36,14,21,6,21,16,13,,,
A0976,,,,,,,,,,,,,,,,25,52,,,,19,53,,,,,,,,5,30,24,,,48,15,28,7,24,,,,,,,,,,
A0977,,,70,7,11,41,,,,,,,,,,,,,,,,,16,8,59,,,,,8,48,22,,,,,,,,,,,,,,,,,
A0978,6,50,,,,,,,,,,,,,73,,,,,,18,46,,,,,,,,,,,,,79,16,33,7,22,,,,,,,,,,
A0979,,,,,,,,,,,,,,,,21,41,,,,,,,,,,,,,,,,,,,,,,,,,,,,,,32,18,13
A0980,,,,,,,,85,,,,,,,,22,42,,,,13,31,,,,,,,,,,,,,54,,,,,,,,8,33,24,14,,,
A0981,6,60,,,,,,,,,,,,,,30,68,,,,,,,,,,,,,,,,,,,,,,,,,,7,24,18,12,,,
A0982,,,,4,9,36,,,,,,,,,,,,,,,,,15,8,56,,,,,,,,,,,16,31,7,21,,,,,,,,,,
A0983,,,,7,16,61,,,,,,,,,,,,22,16,39,,,,,,,,,,,,,,,,,,,,,,,,,,,,,
A0984,,,,,,,,,,,,,,,,22,58,,,,,,,,,36,26,16,8,,,,,,,16,32,8,26,,,,,,,,24,14,8
A0985,8,56,,,,,,,,,,,,,,,,,,,,,,,,21,15,13,6,,,,,,,,,,,,,,7,28,24,15,,,
A0986,5,51,,,,,,,,,,,,,,,,28,19,46,,,,,,,,,,6,40,20,,,,,,,,,,,9,26,21,16,,,
A0987,,,78,,,,,,,,,,,,,21,47,,,,,,,,,,,,,,,,80,8,,,,,,26,12,20,,,,,,,
A0988,,,77,,,,,,,,,39,11,7,,23,58,,,,,,,,,,,,,,,,51,7,,,,,,41,15,21,,,,,25,13,10
A0989,6,51,,,,,69,,30,17,14,,,,,,,,,,21,50,,,,,,,,,,,,,,,,,,,,,,,,,23,16,12
A0990,,,67,,,,62,58,,,,,,,,,,,,,,,,,,,,,,,,,68,7,,,,,,,,,6,25,18,11,27,16,11
A0991,6,60,,,,,,,,,,48,14,7,55,,,,,,16,40,15,8,47,27,21,17,7,,,,59,7,,,,,,,,,,,,,,,
A0992,,,,8,14,53,,,,,,,,,,,,21,12,46,,,,,,,,,,,,,,,,,,,,,,,,,,,,,
A0993,,,,,,,,,,,,,,,,,,,,,,,,,,26,19,9,7,,,,63,7,,,,,,29,14,18,,,,,,,
A0994,,,,,,,,,,,,,,,,21,55,,,,,,12,7,41,,,,,8,38,17,,,,15,24,8,20,,,,,,,,,,
A0995,,,,,,,54,,,,,,,,,,,,,,,,18,10,55,,,,,,,,,,55,,,,,,,,,,,,,,
A0996,,,79,6,12,36,,78,,,,,,,,,,,,,,,,,,,,,,,,,,,,,,,,,,,,,,,,,
A0997,,,,6,13,47,,,,,,,,,,22,46,,,,,,15,8,59,,,,,,,,,,,,,,,28,12,18,,,,,,,
A0998,7,57,,7,15,40,51,,,,,,,,71,21,49,,,,,,,,,,,,,7,32,20,,,69,,,,,,,,,,,,,,
A0999,,,,,,,,66,,,,,,,,,,,,,,,,,,,,,,,,,,,,,,,,,,,6,22,16,13,,,
A1000,8,66,,,,,89,,36,15,15,,,,,26,55,,,,,,17,10,70,27,24,13,7,,,,,,62,,,,,,,,,,,,,,
